--- Startup times for process: Primary (or UI client) ---

times in msec
 clock   self+sourced   self:  sourced script
 clock   elapsed:              other lines

000.000  000.000: --- NVIM STARTING ---
000.155  000.155: event init
000.232  000.077: early init
000.286  000.053: locale set
000.330  000.045: init first window
000.651  000.320: inits 1
000.661  000.010: window checked
000.664  000.003: parsing arguments
001.132  000.046  000.046: require('vim._core.shared')
001.206  000.003  000.003: require('string.buffer')
001.230  000.044  000.041: require('vim.inspect')
001.282  000.039  000.039: require('vim._core.options')
001.284  000.149  000.065: require('vim._core.editor')
001.318  000.033  000.033: require('vim._core.system')
001.319  000.250  000.022: require('vim._init_packages')
001.324  000.410: init lua interpreter
002.378  001.054: nvim_ui_attach
002.657  000.280: nvim_set_client_info
002.659  000.001: --- NVIM STARTED ---

--- Startup times for process: Embedded ---

times in msec
 clock   self+sourced   self:  sourced script
 clock   elapsed:              other lines

000.000  000.000: --- NVIM STARTING ---
000.145  000.144: event init
000.213  000.068: early init
000.263  000.050: locale set
000.301  000.038: init first window
000.576  000.275: inits 1
000.586  000.010: window checked
000.588  000.002: parsing arguments
001.026  000.044  000.044: require('vim._core.shared')
001.099  000.003  000.003: require('string.buffer')
001.122  000.042  000.039: require('vim.inspect')
001.173  000.039  000.039: require('vim._core.options')
001.175  000.146  000.065: require('vim._core.editor')
001.202  000.027  000.027: require('vim._core.system')
001.203  000.236  000.020: require('vim._init_packages')
001.206  000.382: init lua interpreter
001.282  000.075: expanding arguments
001.304  000.022: inits 2
001.513  000.209: init highlight
001.514  000.001: waiting for UI
001.616  000.103: done waiting for UI
001.620  000.004: clear screen
001.749  000.011  000.011: require('vim.keymap')
002.610  000.144  000.144: sourcing nvim_exec2()
002.643  000.007  000.007: require('vim._core.log')
003.010  001.387  001.225: require('vim._core.defaults')
003.013  000.005: init default mappings & autocommands
003.528  000.050  000.050: sourcing /usr/share/nvim/runtime/ftplugin.vim
003.601  000.029  000.029: sourcing /usr/share/nvim/runtime/indent.vim
003.683  000.027  000.027: sourcing $VIM/sysinit.vim
003.943  000.143  000.143: require('vim.fs')
004.068  000.121  000.121: require('vim.uri')
004.084  000.317  000.053: require('vim.loader')
004.122  000.025  000.025: require('vim._core.ui2')
004.397  000.266  000.266: require('vim._core.ui2.cmdline')
004.524  000.125  000.125: require('vim._core.ui2.messages')
004.818  000.057  000.057: require('vim._async')
004.829  000.223  000.166: require('vim.pack')
004.905  000.007  000.007: require('vim.F')
011.791  007.241  007.011: require('pack')
011.869  000.075  000.075: require('utils.commands')
012.091  000.221  000.221: require('settings.options')
012.572  000.363  000.363: require('vim.diagnostic')
012.631  000.537  000.174: require('settings.keymaps')
013.310  000.633  000.633: require('catppuccin')
014.094  000.104  000.104: require('catppuccin.lib.hashing')
015.407  001.031  001.031: sourcing /home/nmd2k/.local/share/nvim/site/pack/core/opt/nvim/colors/catppuccin-macchiato.lua
015.414  002.781  001.013: require('plugins.theme')
016.305  000.060  000.060: require('mason-core.path')
016.720  000.144  000.144: require('mason-core.functional.data')
016.895  000.171  000.171: require('mason-core.functional.function')
017.078  000.170  000.170: require('mason-core.functional.list')
017.162  000.073  000.073: require('mason-core.functional.relation')
017.201  000.034  000.034: require('mason-core.functional.logic')
017.235  000.031  000.031: require('mason-core.functional.number')
017.293  000.055  000.055: require('mason-core.functional.string')
017.333  000.036  000.036: require('mason-core.functional.table')
017.367  000.030  000.030: require('mason-core.functional.type')
017.372  000.997  000.251: require('mason-core.functional')
017.395  001.087  000.090: require('mason-core.platform')
017.441  000.045  000.045: require('mason.settings')
017.444  001.268  000.077: require('mason-core.installer.InstallLocation')
017.621  000.059  000.059: require('mason-core.log')
017.624  000.114  000.055: require('mason-core.EventEmitter')
017.669  000.043  000.043: require('mason-registry.sources')
017.685  000.240  000.083: require('mason-registry')
017.689  002.210  000.702: require('mason')
017.759  000.055  000.055: require('mason.api.command')
017.838  000.035  000.035: require('mason.version')
017.844  000.080  000.045: require('mason-tool-installer')
017.973  000.027  000.027: require('mason-lspconfig.settings')
017.975  000.089  000.062: require('mason-lspconfig')
018.127  000.040  000.040: require('mason-core.async')
018.184  000.024  000.024: require('mason-core.async.uv')
018.191  000.062  000.039: require('mason-core.fs')
018.277  000.029  000.029: require('mason-core.result')
018.402  000.069  000.069: require('mason-core.process')
018.438  000.035  000.035: require('mason-core.spawn')
018.440  000.135  000.031: require('mason-core.installer.managers.powershell')
018.442  000.164  000.029: require('mason-core.fetch')
018.468  000.025  000.025: require('mason-core.providers')
018.517  000.024  000.024: require('mason-core.optional')
018.672  000.082  000.082: require('mason-core.purl')
018.721  000.047  000.047: require('mason-core.async.control')
018.727  000.177  000.047: require('mason-core.package.AbstractPackage')
019.055  000.071  000.071: require('mason-core.installer.compiler.expr')
019.068  000.160  000.089: require('mason-core.installer.compiler.link')
019.357  000.058  000.058: require('mason-core.installer.context.InstallContextCwd')
019.411  000.053  000.053: require('mason-core.installer.context.InstallContextFs')
019.473  000.060  000.060: require('mason-core.installer.context.InstallContextSpawn')
019.536  000.061  000.061: require('mason-core.receipt')
019.552  000.317  000.086: require('mason-core.installer.context')
019.553  000.372  000.055: require('mason-core.installer')
019.567  000.449  000.077: require('mason-core.installer.managers.std')
019.571  000.501  000.052: require('mason-core.installer.compiler.schemas')
019.623  000.051  000.051: require('mason-core.installer.compiler.util')
019.633  000.796  000.084: require('mason-core.installer.compiler')
019.705  000.071  000.071: require('mason-core.installer.linker')
019.710  000.982  000.115: require('mason-core.installer.InstallRunner')
019.826  000.115  000.115: require('mason-core.installer.UninstallRunner')
019.845  001.327  000.054: require('mason-core.package')
019.847  001.378  000.027: require('mason-registry.sources.util')
019.866  001.649  000.054: require('mason-registry.sources.github')
020.019  000.096  000.096: require('mason-registry.sources.synthesized')
023.243  000.069  000.069: require('mason-lspconfig.mappings')
023.247  000.177  000.108: require('mason-lspconfig.features.automatic_enable')
028.432  000.675  000.675: require('vim.lsp.protocol')
028.453  000.917  000.242: require('vim.lsp.log')
028.582  000.127  000.127: require('vim.lsp.util')
028.668  000.045  000.045: require('vim.lsp.sync')
028.673  000.089  000.044: require('vim.lsp._changetracking')
028.774  000.041  000.041: require('vim.lsp._transport')
028.779  000.003  000.003: require('vim._core.stringbuffer')
028.790  000.115  000.071: require('vim.lsp.rpc')
028.843  001.456  000.209: require('vim.lsp')
031.125  000.030  000.030: require('mason-lspconfig.notify')
031.141  000.099  000.069: require('mason-lspconfig.api.command')
031.230  000.088  000.088: require('conform')
032.124  000.041  000.041: require('cmp_nvim_lsp.source')
032.127  000.089  000.048: require('cmp_nvim_lsp')
032.268  000.073  000.073: require('vim.lsp.inlay_hint')
032.275  016.860  010.598: require('plugins.lsp')
032.352  000.034  000.034: require('utils.ui')
032.515  000.034  000.034: require('cmp.utils.debug')
032.600  000.049  000.049: require('cmp.utils.char')
032.604  000.087  000.039: require('cmp.utils.str')
032.733  000.045  000.045: require('cmp.utils.misc')
032.765  000.031  000.031: require('cmp.utils.buffer')
032.804  000.037  000.037: require('cmp.utils.api')
032.818  000.177  000.064: require('cmp.utils.keymap')
032.819  000.214  000.037: require('cmp.utils.feedkeys')
033.036  000.043  000.043: require('cmp.types.cmp')
033.108  000.071  000.071: require('cmp.types.lsp')
033.147  000.036  000.036: require('cmp.types.vim')
033.148  000.187  000.037: require('cmp.types')
033.151  000.235  000.048: require('cmp.config.mapping')
033.183  000.031  000.031: require('cmp.utils.cache')
033.273  000.049  000.049: require('cmp.config.compare')
033.304  000.030  000.030: require('cmp.config.window')
033.305  000.120  000.042: require('cmp.config.default')
033.318  000.441  000.055: require('cmp.config')
033.326  000.506  000.065: require('cmp.utils.async')
033.477  000.115  000.115: require('cmp.utils.pattern')
033.522  000.195  000.080: require('cmp.context')
033.733  000.086  000.086: require('cmp.utils.snippet')
033.776  000.041  000.041: require('cmp.matcher')
033.848  000.267  000.140: require('cmp.entry')
033.853  000.329  000.062: require('cmp.source')
033.940  000.031  000.031: require('cmp.utils.event')
034.052  000.030  000.030: require('cmp.utils.options')
034.055  000.078  000.048: require('cmp.utils.window')
034.057  000.115  000.038: require('cmp.view.docs_view')
034.160  000.035  000.035: require('cmp.utils.autocmd')
034.167  000.109  000.074: require('cmp.view.custom_entries_view')
034.219  000.051  000.051: require('cmp.view.wildmenu_entries_view')
034.266  000.046  000.046: require('cmp.view.native_entries_view')
034.318  000.051  000.051: require('cmp.view.ghost_text_view')
034.325  000.472  000.068: require('cmp.view')
034.620  002.210  000.372: require('cmp.core')
034.722  000.040  000.040: require('cmp.config.sources')
034.757  002.403  000.153: require('cmp')
035.084  000.032  000.032: require('luasnip.util.types')
035.114  000.027  000.027: require('luasnip.util.lazy_table')
035.163  000.048  000.048: require('luasnip.extras.filetype_functions')
035.172  000.174  000.067: require('luasnip.default_config')
035.176  000.248  000.074: require('luasnip.session')
035.260  000.053  000.053: require('vim.version')
036.198  001.021  000.968: require('luasnip.util.vimversion')
036.204  001.332  000.064: require('luasnip.util.util')
036.325  000.046  000.046: require('luasnip.util.str')
036.357  000.031  000.031: require('luasnip.util.table')
036.393  000.035  000.035: require('luasnip.util.ext_opts')
036.424  000.029  000.029: require('luasnip.nodes.key_indexer')
036.491  000.066  000.066: require('luasnip.util.feedkeys')
036.575  000.082  000.082: require('luasnip.nodes.util.snippet_string')
036.581  000.376  000.087: require('luasnip.nodes.util')
036.728  000.047  000.047: require('luasnip.session.snippet_collection.source')
036.780  000.049  000.049: require('luasnip.util.auto_table')
036.788  000.206  000.110: require('luasnip.session.snippet_collection')
037.057  000.147  000.147: require('luasnip.util.select')
037.096  000.037  000.037: require('luasnip.util.time')
037.381  000.528  000.343: require('luasnip.util._builtin_vars')
037.409  000.619  000.092: require('luasnip.util.environ')
037.451  000.041  000.041: require('luasnip.util.extend_decorator')
037.563  000.061  000.061: require('luasnip.util.path')
037.718  000.092  000.092: require('luasnip.util.log')
037.722  000.157  000.066: require('luasnip.loaders.util')
037.765  000.042  000.042: require('luasnip.loaders.data')
037.897  000.131  000.131: require('luasnip.loaders.fs_watchers')
037.904  000.452  000.060: require('luasnip.loaders')
037.984  000.056  000.056: require('luasnip.config')
037.987  003.229  000.147: require('luasnip')
038.146  000.071  000.071: require('luasnip.session.enqueueable_operations')
038.496  000.053  000.053: require('luasnip.util.events')
038.532  000.034  000.034: require('luasnip.nodes.optional_arg')
038.545  000.215  000.128: require('luasnip.nodes.node')
038.684  000.137  000.137: require('luasnip.nodes.insertNode')
038.742  000.056  000.056: require('luasnip.nodes.textNode')
038.801  000.058  000.058: require('luasnip.util.mark')
038.856  000.053  000.053: require('luasnip.util.pattern_tokenizer')
038.896  000.038  000.038: require('luasnip.util.dict')
039.137  000.197  000.197: require('luasnip.util.jsregexp')
039.141  000.243  000.046: require('luasnip.nodes.util.trig_engines')
039.197  000.989  000.188: require('luasnip.nodes.snippet')
039.395  000.066  000.066: require('luasnip.util.parser.neovim_ast')
039.522  000.123  000.123: require('luasnip.util.jsregexp')
039.599  000.075  000.075: require('luasnip.util.directed_graph')
039.604  000.341  000.077: require('luasnip.util.parser.ast_utils')
039.717  000.111  000.111: require('luasnip.nodes.functionNode')
039.834  000.115  000.115: require('luasnip.nodes.choiceNode')
039.959  000.123  000.123: require('luasnip.nodes.dynamicNode')
040.010  000.048  000.048: require('luasnip.util.functions')
040.015  000.816  000.077: require('luasnip.util.parser.ast_parser')
040.146  000.130  000.130: require('luasnip.util.parser.neovim_parser')
040.177  002.029  000.094: require('luasnip.util.parser')
040.237  000.058  000.058: require('luasnip.nodes.snippetProxy')
040.375  000.136  000.136: require('luasnip.util.jsonc')
040.470  000.045  000.045: require('luasnip.nodes.duplicate')
040.473  000.095  000.050: require('luasnip.loaders.snippet_cache')
040.483  002.495  000.105: require('luasnip.loaders.from_vscode')
044.993  000.128  000.128: require('luasnip.nodes.multiSnippet')
046.710  000.027  000.027: require('nvim-autopairs._log')
046.750  000.037  000.037: require('nvim-autopairs.utils')
046.754  000.104  000.040: require('nvim-autopairs.conds')
046.759  000.142  000.039: require('nvim-autopairs.rule')
046.760  000.236  000.094: require('nvim-autopairs.rules.basic')
046.765  000.376  000.140: require('nvim-autopairs')
047.126  000.028  000.028: require('vim.treesitter.language')
047.151  000.022  000.022: require('vim.func')
047.178  000.026  000.026: require('vim.treesitter._range')
047.207  000.026  000.026: require('vim.func._memoize')
047.227  000.173  000.071: require('vim.treesitter.query')
047.236  000.231  000.058: require('vim.treesitter.languagetree')
047.240  000.270  000.039: require('vim.treesitter')
047.242  000.305  000.035: require('nvim-autopairs.ts-conds')
047.244  000.343  000.038: require('nvim-autopairs.rules.ts_basic')
047.294  000.050  000.050: require('vim.treesitter.highlighter')
047.593  000.031  000.031: require('nvim-autopairs.completion.handlers')
047.597  000.077  000.046: require('nvim-autopairs.completion.cmp')
048.091  015.815  006.679: require('plugins.cmp')
048.226  000.046  000.046: require('telescope._extensions')
048.229  000.095  000.049: require('telescope')
048.294  000.064  000.064: require('telescope.builtin')
048.489  000.030  000.030: require('plenary.bit')
048.518  000.027  000.027: require('plenary.functional')
048.533  000.008  000.008: require('ffi')
048.546  000.143  000.077: require('plenary.path')
048.556  000.183  000.040: require('plenary.strings')
048.760  000.054  000.054: require('plenary.log')
048.819  000.194  000.140: require('telescope.log')
048.963  000.025  000.025: require('plenary.compat')
048.969  000.071  000.046: require('plenary.job')
049.051  000.081  000.081: require('telescope.state')
049.060  000.239  000.087: require('telescope.utils')
049.063  000.507  000.073: require('telescope.sorters')
050.097  001.801  001.111: require('telescope.config')
050.778  000.101  000.101: require('fzf_lib')
050.782  000.154  000.053: require('telescope._extensions.fzf')
050.988  000.039  000.039: require('telescope.actions.state')
050.994  000.085  000.047: require('telescope._extensions.file_browser.utils')
051.046  000.052  000.052: require('telescope._extensions.file_browser.lsp')
051.208  000.032  000.032: require('plenary.window.border')
051.237  000.027  000.027: require('plenary.window')
051.260  000.022  000.022: require('plenary.popup.utils')
051.262  000.124  000.043: require('plenary.popup')
051.300  000.037  000.037: require('telescope.pickers.scroller')
051.848  000.546  000.546: require('telescope.actions.utils')
051.937  000.039  000.039: require('telescope.actions.mt')
051.945  000.096  000.057: require('telescope.actions.set')
052.023  000.040  000.040: require('telescope.config.resolve')
052.025  000.079  000.039: require('telescope.pickers.entry_display')
052.062  000.036  000.036: require('telescope.from_entry')
052.164  001.117  000.199: require('telescope.actions')
053.570  001.404  001.404: require('plenary.scandir')
053.722  000.023  000.023: require('plenary.tbl')
053.724  000.048  000.025: require('plenary.vararg.rotate')
053.725  000.076  000.028: require('plenary.vararg')
053.748  000.022  000.022: require('plenary.errors')
053.750  000.132  000.033: require('plenary.async.async')
053.871  000.027  000.027: require('plenary.async.structs')
053.875  000.073  000.046: require('plenary.async.control')
053.878  000.103  000.030: require('plenary.async.util')
053.912  000.161  000.058: require('plenary.async.tests')
053.914  000.341  000.048: require('plenary.async')
053.936  003.096  000.098: require('telescope._extensions.file_browser.actions')
054.061  000.035  000.035: require('telescope._extensions.file_browser.git')
054.094  000.031  000.031: require('telescope._extensions.file_browser.make_entry_utils')
054.135  000.040  000.040: require('telescope._extensions.file_browser.fs_stat')
054.138  000.151  000.045: require('telescope._extensions.file_browser.make_entry')
054.244  000.023  000.023: require('plenary.class')
054.251  000.074  000.050: require('telescope.async_job')
054.391  000.139  000.139: require('telescope.make_entry')
054.394  000.256  000.043: require('telescope.finders.async_oneshot_finder')
054.499  000.044  000.044: require('telescope.finders.async_static_finder')
054.545  000.045  000.045: require('telescope.finders.async_job_finder')
054.548  000.153  000.065: require('telescope.finders')
054.553  000.616  000.056: require('telescope._extensions.file_browser.finders')
054.795  000.054  000.054: require('telescope.debounce')
054.924  000.127  000.127: require('telescope.mappings')
055.023  000.038  000.038: require('vim.hl')
055.028  000.101  000.063: require('telescope.pickers.highlights')
055.076  000.047  000.047: require('telescope.pickers.window')
055.124  000.047  000.047: require('telescope.pickers.layout')
055.227  000.049  000.049: require('telescope.algos.linked_list')
055.231  000.106  000.057: require('telescope.entry_manager')
055.279  000.047  000.047: require('telescope.pickers.multi')
055.291  000.695  000.166: require('telescope.pickers')
055.293  000.739  000.045: require('telescope._extensions.file_browser.picker')
055.343  000.050  000.050: require('telescope._extensions.file_browser.config')
055.345  004.558  000.058: require('telescope._extensions.file_browser')
055.434  007.340  000.669: require('plugins.telescope')
055.847  000.137  000.137: require('ibl.utils')
055.856  000.212  000.075: require('ibl.config')
055.969  000.056  000.056: require('ibl.indent')
055.974  000.117  000.061: require('ibl.hooks')
055.978  000.399  000.070: require('ibl.highlights')
056.021  000.042  000.042: require('ibl.autocmds')
056.072  000.049  000.049: require('ibl.inlay_hints')
056.119  000.046  000.046: require('ibl.virt_text')
056.348  000.184  000.184: require('ibl.scope_languages')
056.350  000.229  000.046: require('ibl.scope')
056.356  000.863  000.098: require('ibl')
056.531  000.110  000.110: require('vim.iter')
056.851  000.189  000.189: require('vim.lsp.completion')
056.916  000.347  000.158: require('vim.lsp.handlers')
057.042  000.054  000.054: require('rainbow-delimiters.setup')
057.208  000.162  000.162: require('mini.notify')
057.493  000.140  000.140: require('lualine_require')
057.743  000.497  000.357: require('lualine')
058.145  000.028  000.028: sourcing nvim_exec2() called at /home/nmd2k/.config/nvim/init.lua:0
058.848  000.069  000.069: require('catppuccin.utils.lualine')
058.899  000.049  000.049: require('catppuccin.palettes')
058.944  000.044  000.044: require('catppuccin.palettes.macchiato')
059.645  000.007  000.007: sourcing nvim_exec2() called at /home/nmd2k/.config/nvim/init.lua:0
059.658  000.003  000.003: sourcing nvim_exec2() called at /home/nmd2k/.config/nvim/init.lua:0
059.667  000.002  000.002: sourcing nvim_exec2() called at /home/nmd2k/.config/nvim/init.lua:0
059.674  000.002  000.002: sourcing nvim_exec2() called at /home/nmd2k/.config/nvim/init.lua:0
059.703  000.003  000.003: sourcing nvim_exec2() called at /home/nmd2k/.config/nvim/init.lua:0
059.712  000.002  000.002: sourcing nvim_exec2() called at /home/nmd2k/.config/nvim/init.lua:0
059.842  000.004  000.004: sourcing nvim_exec2() called at /home/nmd2k/.config/nvim/init.lua:0
059.864  000.009  000.009: sourcing nvim_exec2() called at /home/nmd2k/.config/nvim/init.lua:0
059.869  000.002  000.002: sourcing nvim_exec2() called at /home/nmd2k/.config/nvim/init.lua:0
059.878  000.002  000.002: sourcing nvim_exec2() called at /home/nmd2k/.config/nvim/init.lua:0
059.882  000.002  000.002: sourcing nvim_exec2() called at /home/nmd2k/.config/nvim/init.lua:0
059.890  000.002  000.002: sourcing nvim_exec2() called at /home/nmd2k/.config/nvim/init.lua:0
059.894  000.002  000.002: sourcing nvim_exec2() called at /home/nmd2k/.config/nvim/init.lua:0
059.899  000.002  000.002: sourcing nvim_exec2() called at /home/nmd2k/.config/nvim/init.lua:0
059.906  000.002  000.002: sourcing nvim_exec2() called at /home/nmd2k/.config/nvim/init.lua:0
059.911  000.002  000.002: sourcing nvim_exec2() called at /home/nmd2k/.config/nvim/init.lua:0
059.916  000.002  000.002: sourcing nvim_exec2() called at /home/nmd2k/.config/nvim/init.lua:0
059.927  000.007  000.007: sourcing nvim_exec2() called at /home/nmd2k/.config/nvim/init.lua:0
060.384  000.058  000.058: require('lualine.utils.mode')
060.946  000.007  000.007: sourcing nvim_exec2() called at /home/nmd2k/.config/nvim/init.lua:0
060.954  000.004  000.004: sourcing nvim_exec2() called at /home/nmd2k/.config/nvim/init.lua:0
061.161  000.005  000.005: sourcing nvim_exec2() called at /home/nmd2k/.config/nvim/init.lua:0
061.170  000.002  000.002: sourcing nvim_exec2() called at /home/nmd2k/.config/nvim/init.lua:0
061.176  000.002  000.002: sourcing nvim_exec2() called at /home/nmd2k/.config/nvim/init.lua:0
061.184  000.002  000.002: sourcing nvim_exec2() called at /home/nmd2k/.config/nvim/init.lua:0
061.190  000.001  000.001: sourcing nvim_exec2() called at /home/nmd2k/.config/nvim/init.lua:0
061.197  000.001  000.001: sourcing nvim_exec2() called at /home/nmd2k/.config/nvim/init.lua:0
061.206  000.002  000.002: sourcing nvim_exec2() called at /home/nmd2k/.config/nvim/init.lua:0
061.215  000.002  000.002: sourcing nvim_exec2() called at /home/nmd2k/.config/nvim/init.lua:0
061.226  000.001  000.001: sourcing nvim_exec2() called at /home/nmd2k/.config/nvim/init.lua:0
061.232  000.002  000.002: sourcing nvim_exec2() called at /home/nmd2k/.config/nvim/init.lua:0
061.257  000.002  000.002: sourcing nvim_exec2() called at /home/nmd2k/.config/nvim/init.lua:0
061.273  000.002  000.002: sourcing nvim_exec2() called at /home/nmd2k/.config/nvim/init.lua:0
061.286  000.002  000.002: sourcing nvim_exec2() called at /home/nmd2k/.config/nvim/init.lua:0
061.356  000.003  000.003: sourcing nvim_exec2() called at /home/nmd2k/.config/nvim/init.lua:0
061.393  000.002  000.002: sourcing nvim_exec2() called at /home/nmd2k/.config/nvim/init.lua:0
061.399  000.001  000.001: sourcing nvim_exec2() called at /home/nmd2k/.config/nvim/init.lua:0
061.421  000.002  000.002: sourcing nvim_exec2() called at /home/nmd2k/.config/nvim/init.lua:0
061.428  000.001  000.001: sourcing nvim_exec2() called at /home/nmd2k/.config/nvim/init.lua:0
061.436  000.001  000.001: sourcing nvim_exec2() called at /home/nmd2k/.config/nvim/init.lua:0
061.441  000.001  000.001: sourcing nvim_exec2() called at /home/nmd2k/.config/nvim/init.lua:0
061.448  000.002  000.002: sourcing nvim_exec2() called at /home/nmd2k/.config/nvim/init.lua:0
061.572  000.006  000.006: sourcing nvim_exec2() called at /home/nmd2k/.config/nvim/init.lua:0
061.578  000.002  000.002: sourcing nvim_exec2() called at /home/nmd2k/.config/nvim/init.lua:0
061.581  000.002  000.002: sourcing nvim_exec2() called at /home/nmd2k/.config/nvim/init.lua:0
061.586  000.003  000.003: sourcing nvim_exec2() called at /home/nmd2k/.config/nvim/init.lua:0
062.045  000.005  000.005: sourcing nvim_exec2() called at /home/nmd2k/.config/nvim/init.lua:0
062.054  000.002  000.002: sourcing nvim_exec2() called at /home/nmd2k/.config/nvim/init.lua:0
062.063  000.002  000.002: sourcing nvim_exec2() called at /home/nmd2k/.config/nvim/init.lua:0
062.069  000.001  000.001: sourcing nvim_exec2() called at /home/nmd2k/.config/nvim/init.lua:0
062.075  000.001  000.001: sourcing nvim_exec2() called at /home/nmd2k/.config/nvim/init.lua:0
062.082  000.001  000.001: sourcing nvim_exec2() called at /home/nmd2k/.config/nvim/init.lua:0
062.095  000.002  000.002: sourcing nvim_exec2() called at /home/nmd2k/.config/nvim/init.lua:0
062.137  000.003  000.003: sourcing nvim_exec2() called at /home/nmd2k/.config/nvim/init.lua:0
062.174  000.003  000.003: sourcing nvim_exec2() called at /home/nmd2k/.config/nvim/init.lua:0
062.180  000.001  000.001: sourcing nvim_exec2() called at /home/nmd2k/.config/nvim/init.lua:0
062.187  000.002  000.002: sourcing nvim_exec2() called at /home/nmd2k/.config/nvim/init.lua:0
062.193  000.002  000.002: sourcing nvim_exec2() called at /home/nmd2k/.config/nvim/init.lua:0
062.198  000.001  000.001: sourcing nvim_exec2() called at /home/nmd2k/.config/nvim/init.lua:0
062.208  000.002  000.002: sourcing nvim_exec2() called at /home/nmd2k/.config/nvim/init.lua:0
062.235  000.003  000.003: sourcing nvim_exec2() called at /home/nmd2k/.config/nvim/init.lua:0
062.242  000.001  000.001: sourcing nvim_exec2() called at /home/nmd2k/.config/nvim/init.lua:0
062.247  000.002  000.002: sourcing nvim_exec2() called at /home/nmd2k/.config/nvim/init.lua:0
062.281  000.003  000.003: sourcing nvim_exec2() called at /home/nmd2k/.config/nvim/init.lua:0
062.288  000.001  000.001: sourcing nvim_exec2() called at /home/nmd2k/.config/nvim/init.lua:0
062.296  000.002  000.002: sourcing nvim_exec2() called at /home/nmd2k/.config/nvim/init.lua:0
062.306  000.002  000.002: sourcing nvim_exec2() called at /home/nmd2k/.config/nvim/init.lua:0
062.316  000.002  000.002: sourcing nvim_exec2() called at /home/nmd2k/.config/nvim/init.lua:0
062.320  000.001  000.001: sourcing nvim_exec2() called at /home/nmd2k/.config/nvim/init.lua:0
062.325  000.002  000.002: sourcing nvim_exec2() called at /home/nmd2k/.config/nvim/init.lua:0
062.331  000.001  000.001: sourcing nvim_exec2() called at /home/nmd2k/.config/nvim/init.lua:0
062.335  000.001  000.001: sourcing nvim_exec2() called at /home/nmd2k/.config/nvim/init.lua:0
062.339  000.001  000.001: sourcing nvim_exec2() called at /home/nmd2k/.config/nvim/init.lua:0
062.347  000.002  000.002: sourcing nvim_exec2() called at /home/nmd2k/.config/nvim/init.lua:0
062.442  000.008  000.008: sourcing nvim_exec2() called at /home/nmd2k/.config/nvim/init.lua:0
062.474  000.005  000.005: sourcing nvim_exec2() called at /home/nmd2k/.config/nvim/init.lua:0
062.487  000.010  000.010: sourcing nvim_exec2() called at /home/nmd2k/.config/nvim/init.lua:0
062.495  000.006  000.006: sourcing nvim_exec2() called at /home/nmd2k/.config/nvim/init.lua:0
062.500  000.003  000.003: sourcing nvim_exec2() called at /home/nmd2k/.config/nvim/init.lua:0
062.507  007.060  004.579: require('plugins.ui')
062.509  058.787  000.125: sourcing /home/nmd2k/.config/nvim/init.lua
062.518  000.613: sourcing vimrc file(s)
063.062  000.017  000.017: sourcing /usr/share/nvim/site/ftdetect/ghostty.vim
063.114  000.274  000.257: sourcing nvim_exec2() called at /usr/share/nvim/runtime/filetype.lua:0
063.116  000.373  000.099: sourcing /usr/share/nvim/runtime/filetype.lua
063.382  000.049  000.049: sourcing /usr/share/nvim/runtime/syntax/synload.vim
063.448  000.255  000.206: sourcing /usr/share/nvim/runtime/syntax/syntax.vim
063.729  000.044  000.044: sourcing /home/nmd2k/.local/share/nvim/site/pack/core/opt/which-key.nvim/plugin/which-key.lua
063.896  000.075  000.075: sourcing /home/nmd2k/.local/share/nvim/site/pack/core/opt/rainbow-delimiters.nvim/plugin/rainbow-delimiters.lua
064.268  000.066  000.066: require('barbar.animate')
064.531  000.046  000.046: require('barbar.utils.list')
064.536  000.120  000.074: require('barbar.fs')
064.641  000.047  000.047: require('barbar.utils.table')
064.775  000.060  000.060: require('barbar.utils')
064.782  000.140  000.079: require('barbar.config')
064.837  000.300  000.113: require('barbar.buffer')
065.016  000.058  000.058: require('barbar.utils.highlight')
065.191  000.081  000.081: require('nvim-web-devicons.filetypes')
066.245  000.767  000.767: require('nvim-web-devicons.default.icons_by_filename')
067.582  001.335  001.335: require('nvim-web-devicons.default.icons_by_file_extension')
067.639  000.056  000.056: require('nvim-web-devicons.default.icons_by_operating_system')
067.673  000.032  000.032: require('nvim-web-devicons.default.icons_by_desktop_environment')
067.704  000.030  000.030: require('nvim-web-devicons.default.icons_by_window_manager')
067.706  002.305  000.085: require('nvim-web-devicons.icons-default')
067.867  002.849  000.464: require('nvim-web-devicons')
067.870  002.965  000.058: require('barbar.icons')
067.873  003.034  000.069: require('barbar.ui.layout')
067.909  000.034  000.034: require('barbar.constants')
067.919  003.598  000.110: require('barbar.state')
067.922  003.651  000.053: require('barbar.bbye')
067.955  000.032  000.032: require('barbar.jump_mode')
068.026  000.029  000.029: require('barbar.ui.nodes')
068.032  000.075  000.047: require('barbar.ui.render')
068.040  003.932  000.107: require('barbar.api')
068.232  000.149  000.149: require('barbar.highlight')
068.240  000.198  000.050: require('barbar.events')
068.242  004.227  000.096: require('barbar')
070.552  006.577  002.351: sourcing /home/nmd2k/.local/share/nvim/site/pack/core/opt/barbar.nvim/plugin/barbar.lua
070.697  000.037  000.037: sourcing /home/nmd2k/.local/share/nvim/site/pack/core/opt/github-nvim-theme/plugin/github_theme.lua
070.832  000.031  000.031: sourcing /home/nmd2k/.local/share/nvim/site/pack/core/opt/nvim-web-devicons/plugin/nvim-web-devicons.vim
071.006  000.034  000.034: require('cmp.utils.highlight')
071.262  000.005  000.005: sourcing nvim_exec2() called at /home/nmd2k/.local/share/nvim/site/pack/core/opt/nvim-cmp/plugin/cmp.lua:0
071.271  000.334  000.295: sourcing /home/nmd2k/.local/share/nvim/site/pack/core/opt/nvim-cmp/plugin/cmp.lua
071.417  000.023  000.023: sourcing /home/nmd2k/.local/share/nvim/site/pack/core/opt/LuaSnip/plugin/luasnip.vim
072.844  001.350  001.350: require('vim.filetype')
073.043  001.594  000.243: sourcing /home/nmd2k/.local/share/nvim/site/pack/core/opt/LuaSnip/plugin/luasnip.lua
073.178  000.038  000.038: sourcing /home/nmd2k/.local/share/nvim/site/pack/core/opt/conform.nvim/plugin/conform.lua
073.290  000.020  000.020: sourcing /home/nmd2k/.local/share/nvim/site/pack/core/opt/plenary/plugin/plenary.vim
073.493  000.130  000.130: sourcing /home/nmd2k/.local/share/nvim/site/pack/core/opt/telescope/plugin/telescope.lua
073.635  000.049  000.049: sourcing /home/nmd2k/.local/share/nvim/site/pack/core/opt/mason-tool-installer.nvim/plugin/mason-tool-installer.lua
073.785  000.053  000.053: sourcing /home/nmd2k/.local/share/nvim/site/pack/core/opt/nvim-lspconfig/plugin/lspconfig.lua
074.198  000.313  000.313: sourcing /usr/share/nvim/site/plugin/fzf.vim
074.536  000.104  000.104: sourcing /usr/share/nvim/runtime/plugin/gzip.vim
075.393  000.107  000.107: sourcing /usr/share/nvim/runtime/pack/dist/opt/matchit/plugin/matchit.vim
075.437  000.885  000.778: sourcing /usr/share/nvim/runtime/plugin/matchit.vim
075.527  000.075  000.075: sourcing /usr/share/nvim/runtime/plugin/matchparen.vim
076.374  000.130  000.130: sourcing /usr/share/nvim/runtime/pack/dist/opt/netrw/plugin/netrwPlugin.vim
076.412  000.868  000.739: sourcing /usr/share/nvim/runtime/plugin/netrwPlugin.vim
076.520  000.089  000.089: sourcing /usr/share/nvim/runtime/plugin/rplugin.vim
076.599  000.060  000.060: sourcing /usr/share/nvim/runtime/plugin/tarPlugin.vim
076.630  000.012  000.012: sourcing /usr/share/nvim/runtime/plugin/tutor.vim
076.735  000.089  000.089: sourcing /usr/share/nvim/runtime/plugin/zipPlugin.vim
076.800  000.040  000.040: sourcing /usr/share/nvim/runtime/plugin/editorconfig.lua
076.871  000.039  000.039: sourcing /usr/share/nvim/runtime/plugin/man.lua
076.935  000.044  000.044: sourcing /usr/share/nvim/runtime/plugin/net.lua
076.991  000.036  000.036: sourcing /usr/share/nvim/runtime/plugin/osc52.lua
077.069  000.058  000.058: sourcing /usr/share/nvim/runtime/plugin/shada.lua
077.130  000.033  000.033: sourcing /usr/share/nvim/runtime/plugin/spellfile.lua
077.143  002.248: loading rtp plugins
077.265  000.122: loading packages
077.387  000.043  000.043: sourcing /home/nmd2k/.local/share/nvim/site/pack/core/opt/indent-blankline.nvim/after/plugin/commands.lua
077.587  000.080  000.080: require('cmp_cmdline')
077.619  000.139  000.059: sourcing /home/nmd2k/.local/share/nvim/site/pack/core/opt/cmp-cmdline/after/plugin/cmp_cmdline.lua
077.829  000.060  000.060: require('cmp_path')
077.849  000.108  000.048: sourcing /home/nmd2k/.local/share/nvim/site/pack/core/opt/cmp-path/after/plugin/cmp_path.lua
078.100  000.028  000.028: require('cmp_buffer.timer')
078.103  000.069  000.041: require('cmp_buffer.buffer')
078.105  000.118  000.049: require('cmp_buffer.source')
078.106  000.147  000.029: require('cmp_buffer')
078.125  000.193  000.046: sourcing /home/nmd2k/.local/share/nvim/site/pack/core/opt/cmp-buffer/after/plugin/cmp_buffer.lua
078.243  000.035  000.035: sourcing /home/nmd2k/.local/share/nvim/site/pack/core/opt/cmp-nvim-lsp/after/plugin/cmp_nvim_lsp.lua
078.395  000.042  000.042: require('cmp_luasnip')
078.422  000.096  000.054: sourcing /home/nmd2k/.local/share/nvim/site/pack/core/opt/cmp_luasnip/after/plugin/cmp_luasnip.lua
078.435  000.556: loading after plugins
078.442  000.007: inits 3
080.307  001.865: reading ShaDa
080.616  000.073  000.073: require('luasnip.loaders.from_lua')
080.679  000.057  000.057: require('luasnip.loaders.from_snipmate')
080.722  000.285: opening buffers
081.012  000.289: BufEnter autocommands
081.014  000.002: editing files in windows
081.019  000.005: --- NVIM STARTED ---

--- Startup times for process: Primary (or UI client) ---

times in msec
 clock   self+sourced   self:  sourced script
 clock   elapsed:              other lines

000.001  000.001: --- NVIM STARTING ---
000.191  000.191: event init
000.284  000.093: early init
000.342  000.058: locale set
000.384  000.042: init first window
000.710  000.326: inits 1
000.721  000.011: window checked
000.724  000.003: parsing arguments
001.172  000.045  000.045: require('vim._core.shared')
001.242  000.002  000.002: require('string.buffer')
001.277  000.055  000.053: require('vim.inspect')
001.328  000.038  000.038: require('vim._core.options')
001.330  000.156  000.062: require('vim._core.editor')
001.359  000.027  000.027: require('vim._core.system')
001.360  000.251  000.023: require('vim._init_packages')
001.364  000.389: init lua interpreter
002.408  001.045: nvim_ui_attach
002.692  000.284: nvim_set_client_info
002.694  000.001: --- NVIM STARTED ---

--- Startup times for process: Embedded ---

times in msec
 clock   self+sourced   self:  sourced script
 clock   elapsed:              other lines

000.000  000.000: --- NVIM STARTING ---
000.135  000.135: event init
000.203  000.068: early init
000.251  000.048: locale set
000.288  000.037: init first window
000.558  000.270: inits 1
000.568  000.010: window checked
000.570  000.002: parsing arguments
001.001  000.046  000.046: require('vim._core.shared')
001.073  000.002  000.002: require('string.buffer')
001.096  000.042  000.040: require('vim.inspect')
001.147  000.038  000.038: require('vim._core.options')
001.149  000.144  000.064: require('vim._core.editor')
001.173  000.023  000.023: require('vim._core.system')
001.174  000.243  000.030: require('vim._init_packages')
001.175  000.362: init lua interpreter
001.250  000.075: expanding arguments
001.275  000.025: inits 2
001.485  000.210: init highlight
001.486  000.001: waiting for UI
001.595  000.109: done waiting for UI
001.598  000.003: clear screen
001.727  000.014  000.014: require('vim.keymap')
002.377  000.118  000.118: sourcing nvim_exec2()
002.400  000.005  000.005: require('vim._core.log')
002.783  001.183  001.045: require('vim._core.defaults')
002.785  000.005: init default mappings & autocommands
003.223  000.040  000.040: sourcing /usr/share/nvim/runtime/ftplugin.vim
003.278  000.019  000.019: sourcing /usr/share/nvim/runtime/indent.vim
003.336  000.023  000.023: sourcing $VIM/sysinit.vim
003.458  000.033  000.033: require('vim.fs')
003.557  000.096  000.096: require('vim.uri')
003.570  000.171  000.042: require('vim.loader')
003.604  000.023  000.023: require('vim._core.ui2')
003.793  000.181  000.181: require('vim._core.ui2.cmdline')
003.936  000.140  000.140: require('vim._core.ui2.messages')
004.271  000.050  000.050: require('vim._async')
004.283  000.219  000.169: require('vim.pack')
004.349  000.004  000.004: require('vim.F')
010.876  006.907  006.684: require('pack')
010.953  000.074  000.074: require('utils.commands')
011.176  000.221  000.221: require('settings.options')
011.693  000.414  000.414: require('vim.diagnostic')
011.756  000.577  000.163: require('settings.keymaps')
012.548  000.742  000.742: require('catppuccin')
013.593  000.106  000.106: require('catppuccin.lib.hashing')
014.819  000.936  000.936: sourcing /home/nmd2k/.local/share/nvim/site/pack/core/opt/nvim/colors/catppuccin-macchiato.lua
014.827  003.069  001.285: require('plugins.theme')
015.641  000.047  000.047: require('mason-core.path')
015.925  000.081  000.081: require('mason-core.functional.data')
016.034  000.105  000.105: require('mason-core.functional.function')
016.135  000.096  000.096: require('mason-core.functional.list')
016.222  000.080  000.080: require('mason-core.functional.relation')
016.316  000.072  000.072: require('mason-core.functional.logic')
016.365  000.047  000.047: require('mason-core.functional.number')
016.421  000.052  000.052: require('mason-core.functional.string')
016.486  000.061  000.061: require('mason-core.functional.table')
016.550  000.060  000.060: require('mason-core.functional.type')
016.555  000.843  000.188: require('mason-core.functional')
016.615  000.971  000.128: require('mason-core.platform')
016.719  000.103  000.103: require('mason.settings')
016.725  001.186  000.065: require('mason-core.installer.InstallLocation')
016.995  000.069  000.069: require('mason-core.log')
016.997  000.151  000.082: require('mason-core.EventEmitter')
017.055  000.056  000.056: require('mason-registry.sources')
017.072  000.346  000.139: require('mason-registry')
017.076  002.186  000.654: require('mason')
017.165  000.074  000.074: require('mason.api.command')
017.271  000.044  000.044: require('mason.version')
017.278  000.107  000.063: require('mason-tool-installer')
017.398  000.028  000.028: require('mason-lspconfig.settings')
017.401  000.091  000.063: require('mason-lspconfig')
017.649  000.050  000.050: require('mason-core.async')
017.717  000.026  000.026: require('mason-core.async.uv')
017.722  000.070  000.044: require('mason-core.fs')
017.815  000.032  000.032: require('mason-core.result')
017.940  000.064  000.064: require('mason-core.process')
017.988  000.046  000.046: require('mason-core.spawn')
017.990  000.143  000.033: require('mason-core.installer.managers.powershell')
017.992  000.176  000.033: require('mason-core.fetch')
018.022  000.028  000.028: require('mason-core.providers')
018.074  000.026  000.026: require('mason-core.optional')
018.207  000.067  000.067: require('mason-core.purl')
018.243  000.034  000.034: require('mason-core.async.control')
018.247  000.137  000.037: require('mason-core.package.AbstractPackage')
018.468  000.048  000.048: require('mason-core.installer.compiler.expr')
018.481  000.115  000.067: require('mason-core.installer.compiler.link')
018.754  000.058  000.058: require('mason-core.installer.context.InstallContextCwd')
018.823  000.067  000.067: require('mason-core.installer.context.InstallContextFs')
018.869  000.045  000.045: require('mason-core.installer.context.InstallContextSpawn')
018.929  000.058  000.058: require('mason-core.receipt')
018.953  000.327  000.100: require('mason-core.installer.context')
018.955  000.378  000.051: require('mason-core.installer')
018.971  000.449  000.071: require('mason-core.installer.managers.std')
018.973  000.490  000.041: require('mason-core.installer.compiler.schemas')
019.063  000.089  000.089: require('mason-core.installer.compiler.util')
019.077  000.766  000.071: require('mason-core.installer.compiler')
019.147  000.069  000.069: require('mason-core.installer.linker')
019.153  000.905  000.070: require('mason-core.installer.InstallRunner')
019.208  000.054  000.054: require('mason-core.installer.UninstallRunner')
019.217  001.141  000.045: require('mason-core.package')
019.219  001.196  000.029: require('mason-registry.sources.util')
019.227  001.479  000.046: require('mason-registry.sources.github')
019.319  000.055  000.055: require('mason-registry.sources.synthesized')
022.208  000.048  000.048: require('mason-lspconfig.mappings')
022.211  000.104  000.056: require('mason-lspconfig.features.automatic_enable')
027.024  000.611  000.611: require('vim.lsp.protocol')
027.055  000.689  000.077: require('vim.lsp.log')
027.271  000.214  000.214: require('vim.lsp.util')
027.417  000.069  000.069: require('vim.lsp.sync')
027.426  000.152  000.082: require('vim.lsp._changetracking')
027.580  000.075  000.075: require('vim.lsp._transport')
027.590  000.009  000.009: require('vim._core.stringbuffer')
027.648  000.219  000.135: require('vim.lsp.rpc')
027.696  001.471  000.198: require('vim.lsp')
030.287  000.047  000.047: require('mason-lspconfig.notify')
030.310  000.128  000.081: require('mason-lspconfig.api.command')
030.478  000.166  000.166: require('conform')
031.573  000.086  000.086: require('cmp_nvim_lsp.source')
031.576  000.170  000.084: require('cmp_nvim_lsp')
031.718  000.103  000.103: require('vim.lsp.inlay_hint')
031.728  016.900  010.645: require('plugins.lsp')
031.823  000.037  000.037: require('utils.ui')
032.312  000.202  000.202: require('cmp.utils.debug')
032.536  000.129  000.129: require('cmp.utils.char')
032.543  000.229  000.100: require('cmp.utils.str')
032.740  000.054  000.054: require('cmp.utils.misc')
032.773  000.032  000.032: require('cmp.utils.buffer')
032.807  000.033  000.033: require('cmp.utils.api')
032.813  000.207  000.089: require('cmp.utils.keymap')
032.816  000.272  000.065: require('cmp.utils.feedkeys')
032.994  000.029  000.029: require('cmp.types.cmp')
033.058  000.061  000.061: require('cmp.types.lsp')
033.091  000.031  000.031: require('cmp.types.vim')
033.093  000.168  000.046: require('cmp.types')
033.098  000.207  000.039: require('cmp.config.mapping')
033.127  000.028  000.028: require('cmp.utils.cache')
033.201  000.036  000.036: require('cmp.config.compare')
033.244  000.041  000.041: require('cmp.config.window')
033.245  000.116  000.039: require('cmp.config.default')
033.259  000.403  000.052: require('cmp.config')
033.268  000.451  000.048: require('cmp.utils.async')
033.327  000.025  000.025: require('cmp.utils.pattern')
033.364  000.095  000.069: require('cmp.context')
033.525  000.059  000.059: require('cmp.utils.snippet')
033.559  000.032  000.032: require('cmp.matcher')
033.633  000.213  000.122: require('cmp.entry')
033.638  000.272  000.059: require('cmp.source')
033.702  000.025  000.025: require('cmp.utils.event')
033.786  000.023  000.023: require('cmp.utils.options')
033.788  000.057  000.034: require('cmp.utils.window')
033.790  000.087  000.030: require('cmp.view.docs_view')
033.856  000.028  000.028: require('cmp.utils.autocmd')
033.861  000.070  000.042: require('cmp.view.custom_entries_view')
033.897  000.035  000.035: require('cmp.view.wildmenu_entries_view')
033.929  000.031  000.031: require('cmp.view.native_entries_view')
033.986  000.055  000.055: require('cmp.view.ghost_text_view')
033.992  000.353  000.049: require('cmp.view')
034.608  002.705  000.831: require('cmp.core')
034.706  000.038  000.038: require('cmp.config.sources')
034.734  002.909  000.166: require('cmp')
034.943  000.033  000.033: require('luasnip.util.types')
034.984  000.040  000.040: require('luasnip.util.lazy_table')
035.021  000.035  000.035: require('luasnip.extras.filetype_functions')
035.030  000.165  000.057: require('luasnip.default_config')
035.032  000.198  000.033: require('luasnip.session')
035.113  000.049  000.049: require('vim.version')
036.148  001.115  001.066: require('luasnip.util.vimversion')
036.165  001.368  000.055: require('luasnip.util.util')
036.351  000.077  000.077: require('luasnip.util.str')
036.400  000.046  000.046: require('luasnip.util.table')
036.450  000.048  000.048: require('luasnip.util.ext_opts')
036.489  000.037  000.037: require('luasnip.nodes.key_indexer')
036.541  000.050  000.050: require('luasnip.util.feedkeys')
036.613  000.070  000.070: require('luasnip.nodes.util.snippet_string')
036.620  000.452  000.125: require('luasnip.nodes.util')
036.731  000.040  000.040: require('luasnip.session.snippet_collection.source')
036.785  000.051  000.051: require('luasnip.util.auto_table')
036.792  000.172  000.080: require('luasnip.session.snippet_collection')
036.916  000.040  000.040: require('luasnip.util.select')
036.962  000.044  000.044: require('luasnip.util.time')
037.233  000.401  000.317: require('luasnip.util._builtin_vars')
037.272  000.478  000.078: require('luasnip.util.environ')
037.317  000.044  000.044: require('luasnip.util.extend_decorator')
037.442  000.076  000.076: require('luasnip.util.path')
037.571  000.069  000.069: require('luasnip.util.log')
037.575  000.131  000.062: require('luasnip.loaders.util')
037.614  000.038  000.038: require('luasnip.loaders.data')
037.696  000.080  000.080: require('luasnip.loaders.fs_watchers')
037.698  000.379  000.054: require('luasnip.loaders')
037.772  000.045  000.045: require('luasnip.config')
037.775  003.039  000.102: require('luasnip')
037.878  000.037  000.037: require('luasnip.session.enqueueable_operations')
038.138  000.031  000.031: require('luasnip.util.events')
038.172  000.031  000.031: require('luasnip.nodes.optional_arg')
038.183  000.144  000.083: require('luasnip.nodes.node')
038.277  000.094  000.094: require('luasnip.nodes.insertNode')
038.357  000.078  000.078: require('luasnip.nodes.textNode')
038.409  000.050  000.050: require('luasnip.util.mark')
038.456  000.045  000.045: require('luasnip.util.pattern_tokenizer')
038.491  000.032  000.032: require('luasnip.util.dict')
038.697  000.167  000.167: require('luasnip.util.jsregexp')
038.699  000.207  000.040: require('luasnip.nodes.util.trig_engines')
038.725  000.796  000.146: require('luasnip.nodes.snippet')
038.873  000.043  000.043: require('luasnip.util.parser.neovim_ast')
039.026  000.151  000.151: require('luasnip.util.jsregexp')
039.081  000.052  000.052: require('luasnip.util.directed_graph')
039.088  000.310  000.063: require('luasnip.util.parser.ast_utils')
039.143  000.054  000.054: require('luasnip.nodes.functionNode')
039.217  000.073  000.073: require('luasnip.nodes.choiceNode')
039.294  000.075  000.075: require('luasnip.nodes.dynamicNode')
039.330  000.035  000.035: require('luasnip.util.functions')
039.336  000.610  000.063: require('luasnip.util.parser.ast_parser')
039.420  000.083  000.083: require('luasnip.util.parser.neovim_parser')
039.426  001.547  000.058: require('luasnip.util.parser')
039.466  000.039  000.039: require('luasnip.nodes.snippetProxy')
039.587  000.119  000.119: require('luasnip.util.jsonc')
039.684  000.050  000.050: require('luasnip.nodes.duplicate')
039.688  000.098  000.048: require('luasnip.loaders.snippet_cache')
039.698  001.923  000.083: require('luasnip.loaders.from_vscode')
044.031  000.078  000.078: require('luasnip.nodes.multiSnippet')
045.354  000.055  000.055: require('nvim-autopairs._log')
045.426  000.068  000.068: require('nvim-autopairs.utils')
045.434  000.202  000.079: require('nvim-autopairs.conds')
045.439  000.274  000.071: require('nvim-autopairs.rule')
045.440  000.388  000.114: require('nvim-autopairs.rules.basic')
045.454  000.528  000.140: require('nvim-autopairs')
046.169  000.088  000.088: require('vim.treesitter.language')
046.209  000.038  000.038: require('vim.func')
046.267  000.056  000.056: require('vim.treesitter._range')
046.318  000.046  000.046: require('vim.func._memoize')
046.385  000.453  000.226: require('vim.treesitter.query')
046.403  000.593  000.140: require('vim.treesitter.languagetree')
046.409  000.678  000.085: require('vim.treesitter')
046.413  000.737  000.060: require('nvim-autopairs.ts-conds')
046.415  000.793  000.055: require('nvim-autopairs.rules.ts_basic')
046.529  000.113  000.113: require('vim.treesitter.highlighter')
046.906  000.060  000.060: require('nvim-autopairs.completion.handlers')
046.915  000.129  000.070: require('nvim-autopairs.completion.cmp')
047.625  015.896  006.346: require('plugins.cmp')
047.857  000.107  000.107: require('telescope._extensions')
047.861  000.176  000.069: require('telescope')
048.061  000.198  000.198: require('telescope.builtin')
049.386  000.424  000.424: require('plenary.bit')
049.500  000.112  000.112: require('plenary.functional')
049.543  000.025  000.025: require('ffi')
049.575  000.860  000.300: require('plenary.path')
049.588  001.270  000.410: require('plenary.strings')
049.857  000.097  000.097: require('plenary.log')
049.888  000.170  000.073: require('telescope.log')
050.046  000.030  000.030: require('plenary.compat')
050.051  000.082  000.052: require('plenary.job')
050.094  000.042  000.042: require('telescope.state')
050.105  000.215  000.091: require('telescope.utils')
050.109  000.520  000.135: require('telescope.sorters')
051.281  003.214  001.424: require('telescope.config')
052.035  000.118  000.118: require('fzf_lib')
052.040  000.174  000.056: require('telescope._extensions.fzf')
052.249  000.040  000.040: require('telescope.actions.state')
052.256  000.091  000.051: require('telescope._extensions.file_browser.utils')
052.332  000.075  000.075: require('telescope._extensions.file_browser.lsp')
052.524  000.035  000.035: require('plenary.window.border')
052.568  000.042  000.042: require('plenary.window')
052.595  000.026  000.026: require('plenary.popup.utils')
052.598  000.165  000.062: require('plenary.popup')
052.650  000.052  000.052: require('telescope.pickers.scroller')
052.701  000.050  000.050: require('telescope.actions.utils')
052.828  000.070  000.070: require('telescope.actions.mt')
052.842  000.139  000.069: require('telescope.actions.set')
052.938  000.045  000.045: require('telescope.config.resolve')
052.940  000.096  000.051: require('telescope.pickers.entry_display')
052.990  000.049  000.049: require('telescope.from_entry')
053.125  000.791  000.241: require('telescope.actions')
054.355  001.226  001.226: require('plenary.scandir')
054.561  000.036  000.036: require('plenary.tbl')
054.564  000.065  000.030: require('plenary.vararg.rotate')
054.565  000.109  000.044: require('plenary.vararg')
054.592  000.026  000.026: require('plenary.errors')
054.595  000.171  000.036: require('plenary.async.async')
054.704  000.026  000.026: require('plenary.async.structs')
054.709  000.059  000.033: require('plenary.async.control')
054.712  000.090  000.031: require('plenary.async.util')
054.749  000.153  000.063: require('plenary.async.tests')
054.750  000.392  000.068: require('plenary.async')
054.775  002.682  000.106: require('telescope._extensions.file_browser.actions')
054.911  000.039  000.039: require('telescope._extensions.file_browser.git')
054.957  000.043  000.043: require('telescope._extensions.file_browser.make_entry_utils')
055.005  000.046  000.046: require('telescope._extensions.file_browser.fs_stat')
055.007  000.177  000.049: require('telescope._extensions.file_browser.make_entry')
055.674  000.027  000.027: require('plenary.class')
055.683  000.632  000.605: require('telescope.async_job')
055.771  000.087  000.087: require('telescope.make_entry')
055.773  000.765  000.045: require('telescope.finders.async_oneshot_finder')
055.855  000.037  000.037: require('telescope.finders.async_static_finder')
055.894  000.038  000.038: require('telescope.finders.async_job_finder')
055.897  000.123  000.049: require('telescope.finders')
055.900  001.124  000.059: require('telescope._extensions.file_browser.finders')
056.093  000.043  000.043: require('telescope.debounce')
056.182  000.087  000.087: require('telescope.mappings')
056.257  000.029  000.029: require('vim.hl')
056.261  000.077  000.048: require('telescope.pickers.highlights')
056.301  000.038  000.038: require('telescope.pickers.window')
056.342  000.040  000.040: require('telescope.pickers.layout')
056.421  000.037  000.037: require('telescope.algos.linked_list')
056.424  000.080  000.042: require('telescope.entry_manager')
056.460  000.036  000.036: require('telescope.pickers.multi')
056.469  000.536  000.135: require('telescope.pickers')
056.471  000.570  000.034: require('telescope._extensions.file_browser.picker')
056.513  000.042  000.042: require('telescope._extensions.file_browser.config')
056.516  004.472  000.053: require('telescope._extensions.file_browser')
056.617  008.989  000.755: require('plugins.telescope')
056.805  000.043  000.043: require('ibl.utils')
056.809  000.081  000.038: require('ibl.config')
056.868  000.026  000.026: require('ibl.indent')
056.871  000.061  000.035: require('ibl.hooks')
056.873  000.174  000.031: require('ibl.highlights')
056.902  000.028  000.028: require('ibl.autocmds')
056.934  000.031  000.031: require('ibl.inlay_hints')
057.093  000.158  000.158: require('ibl.virt_text')
057.343  000.176  000.176: require('ibl.scope_languages')
057.346  000.251  000.075: require('ibl.scope')
057.350  000.691  000.050: require('ibl')
057.552  000.078  000.078: require('vim.iter')
057.759  000.104  000.104: require('vim.lsp.completion')
057.803  000.224  000.120: require('vim.lsp.handlers')
057.936  000.043  000.043: require('rainbow-delimiters.setup')
058.065  000.124  000.124: require('mini.notify')
058.306  000.045  000.045: require('lualine_require')
058.524  000.372  000.327: require('lualine')
058.903  000.027  000.027: sourcing nvim_exec2() called at /home/nmd2k/.config/nvim/init.lua:0
059.536  000.051  000.051: require('catppuccin.utils.lualine')
059.577  000.039  000.039: require('catppuccin.palettes')
059.612  000.032  000.032: require('catppuccin.palettes.macchiato')
060.210  000.007  000.007: sourcing nvim_exec2() called at /home/nmd2k/.config/nvim/init.lua:0
060.319  000.006  000.006: sourcing nvim_exec2() called at /home/nmd2k/.config/nvim/init.lua:0
060.340  000.004  000.004: sourcing nvim_exec2() called at /home/nmd2k/.config/nvim/init.lua:0
060.350  000.003  000.003: sourcing nvim_exec2() called at /home/nmd2k/.config/nvim/init.lua:0
060.356  000.003  000.003: sourcing nvim_exec2() called at /home/nmd2k/.config/nvim/init.lua:0
060.396  000.004  000.004: sourcing nvim_exec2() called at /home/nmd2k/.config/nvim/init.lua:0
060.407  000.003  000.003: sourcing nvim_exec2() called at /home/nmd2k/.config/nvim/init.lua:0
060.422  000.009  000.009: sourcing nvim_exec2() called at /home/nmd2k/.config/nvim/init.lua:0
060.428  000.002  000.002: sourcing nvim_exec2() called at /home/nmd2k/.config/nvim/init.lua:0
060.438  000.003  000.003: sourcing nvim_exec2() called at /home/nmd2k/.config/nvim/init.lua:0
060.472  000.004  000.004: sourcing nvim_exec2() called at /home/nmd2k/.config/nvim/init.lua:0
060.484  000.002  000.002: sourcing nvim_exec2() called at /home/nmd2k/.config/nvim/init.lua:0
060.490  000.002  000.002: sourcing nvim_exec2() called at /home/nmd2k/.config/nvim/init.lua:0
060.497  000.002  000.002: sourcing nvim_exec2() called at /home/nmd2k/.config/nvim/init.lua:0
060.501  000.002  000.002: sourcing nvim_exec2() called at /home/nmd2k/.config/nvim/init.lua:0
060.506  000.002  000.002: sourcing nvim_exec2() called at /home/nmd2k/.config/nvim/init.lua:0
060.512  000.002  000.002: sourcing nvim_exec2() called at /home/nmd2k/.config/nvim/init.lua:0
060.522  000.008  000.008: sourcing nvim_exec2() called at /home/nmd2k/.config/nvim/init.lua:0
061.108  000.006  000.006: sourcing nvim_exec2() called at /home/nmd2k/.config/nvim/init.lua:0
061.116  000.003  000.003: sourcing nvim_exec2() called at /home/nmd2k/.config/nvim/init.lua:0
061.317  000.005  000.005: sourcing nvim_exec2() called at /home/nmd2k/.config/nvim/init.lua:0
061.325  000.002  000.002: sourcing nvim_exec2() called at /home/nmd2k/.config/nvim/init.lua:0
061.333  000.002  000.002: sourcing nvim_exec2() called at /home/nmd2k/.config/nvim/init.lua:0
061.338  000.002  000.002: sourcing nvim_exec2() called at /home/nmd2k/.config/nvim/init.lua:0
061.344  000.001  000.001: sourcing nvim_exec2() called at /home/nmd2k/.config/nvim/init.lua:0
061.349  000.001  000.001: sourcing nvim_exec2() called at /home/nmd2k/.config/nvim/init.lua:0
061.355  000.003  000.003: sourcing nvim_exec2() called at /home/nmd2k/.config/nvim/init.lua:0
061.364  000.002  000.002: sourcing nvim_exec2() called at /home/nmd2k/.config/nvim/init.lua:0
061.368  000.001  000.001: sourcing nvim_exec2() called at /home/nmd2k/.config/nvim/init.lua:0
061.378  000.002  000.002: sourcing nvim_exec2() called at /home/nmd2k/.config/nvim/init.lua:0
061.382  000.001  000.001: sourcing nvim_exec2() called at /home/nmd2k/.config/nvim/init.lua:0
061.387  000.002  000.002: sourcing nvim_exec2() called at /home/nmd2k/.config/nvim/init.lua:0
061.393  000.001  000.001: sourcing nvim_exec2() called at /home/nmd2k/.config/nvim/init.lua:0
061.397  000.002  000.002: sourcing nvim_exec2() called at /home/nmd2k/.config/nvim/init.lua:0
061.405  000.002  000.002: sourcing nvim_exec2() called at /home/nmd2k/.config/nvim/init.lua:0
061.410  000.001  000.001: sourcing nvim_exec2() called at /home/nmd2k/.config/nvim/init.lua:0
061.415  000.001  000.001: sourcing nvim_exec2() called at /home/nmd2k/.config/nvim/init.lua:0
061.421  000.002  000.002: sourcing nvim_exec2() called at /home/nmd2k/.config/nvim/init.lua:0
061.425  000.001  000.001: sourcing nvim_exec2() called at /home/nmd2k/.config/nvim/init.lua:0
061.431  000.002  000.002: sourcing nvim_exec2() called at /home/nmd2k/.config/nvim/init.lua:0
061.436  000.002  000.002: sourcing nvim_exec2() called at /home/nmd2k/.config/nvim/init.lua:0
061.536  000.006  000.006: sourcing nvim_exec2() called at /home/nmd2k/.config/nvim/init.lua:0
061.542  000.002  000.002: sourcing nvim_exec2() called at /home/nmd2k/.config/nvim/init.lua:0
061.545  000.002  000.002: sourcing nvim_exec2() called at /home/nmd2k/.config/nvim/init.lua:0
061.550  000.003  000.003: sourcing nvim_exec2() called at /home/nmd2k/.config/nvim/init.lua:0
061.988  000.005  000.005: sourcing nvim_exec2() called at /home/nmd2k/.config/nvim/init.lua:0
061.996  000.002  000.002: sourcing nvim_exec2() called at /home/nmd2k/.config/nvim/init.lua:0
062.001  000.002  000.002: sourcing nvim_exec2() called at /home/nmd2k/.config/nvim/init.lua:0
062.010  000.001  000.001: sourcing nvim_exec2() called at /home/nmd2k/.config/nvim/init.lua:0
062.019  000.002  000.002: sourcing nvim_exec2() called at /home/nmd2k/.config/nvim/init.lua:0
062.028  000.001  000.001: sourcing nvim_exec2() called at /home/nmd2k/.config/nvim/init.lua:0
062.035  000.002  000.002: sourcing nvim_exec2() called at /home/nmd2k/.config/nvim/init.lua:0
062.063  000.002  000.002: sourcing nvim_exec2() called at /home/nmd2k/.config/nvim/init.lua:0
062.101  000.002  000.002: sourcing nvim_exec2() called at /home/nmd2k/.config/nvim/init.lua:0
062.114  000.002  000.002: sourcing nvim_exec2() called at /home/nmd2k/.config/nvim/init.lua:0
062.121  000.002  000.002: sourcing nvim_exec2() called at /home/nmd2k/.config/nvim/init.lua:0
062.138  000.001  000.001: sourcing nvim_exec2() called at /home/nmd2k/.config/nvim/init.lua:0
062.146  000.001  000.001: sourcing nvim_exec2() called at /home/nmd2k/.config/nvim/init.lua:0
062.152  000.002  000.002: sourcing nvim_exec2() called at /home/nmd2k/.config/nvim/init.lua:0
062.194  000.003  000.003: sourcing nvim_exec2() called at /home/nmd2k/.config/nvim/init.lua:0
062.201  000.002  000.002: sourcing nvim_exec2() called at /home/nmd2k/.config/nvim/init.lua:0
062.210  000.002  000.002: sourcing nvim_exec2() called at /home/nmd2k/.config/nvim/init.lua:0
062.215  000.002  000.002: sourcing nvim_exec2() called at /home/nmd2k/.config/nvim/init.lua:0
062.220  000.001  000.001: sourcing nvim_exec2() called at /home/nmd2k/.config/nvim/init.lua:0
062.227  000.002  000.002: sourcing nvim_exec2() called at /home/nmd2k/.config/nvim/init.lua:0
062.235  000.002  000.002: sourcing nvim_exec2() called at /home/nmd2k/.config/nvim/init.lua:0
062.245  000.002  000.002: sourcing nvim_exec2() called at /home/nmd2k/.config/nvim/init.lua:0
062.251  000.001  000.001: sourcing nvim_exec2() called at /home/nmd2k/.config/nvim/init.lua:0
062.257  000.002  000.002: sourcing nvim_exec2() called at /home/nmd2k/.config/nvim/init.lua:0
062.265  000.002  000.002: sourcing nvim_exec2() called at /home/nmd2k/.config/nvim/init.lua:0
062.270  000.001  000.001: sourcing nvim_exec2() called at /home/nmd2k/.config/nvim/init.lua:0
062.275  000.001  000.001: sourcing nvim_exec2() called at /home/nmd2k/.config/nvim/init.lua:0
062.283  000.002  000.002: sourcing nvim_exec2() called at /home/nmd2k/.config/nvim/init.lua:0
062.472  000.052  000.052: require('lualine.utils.mode')
062.767  000.009  000.009: sourcing nvim_exec2() called at /home/nmd2k/.config/nvim/init.lua:0
062.796  000.005  000.005: sourcing nvim_exec2() called at /home/nmd2k/.config/nvim/init.lua:0
062.808  000.009  000.009: sourcing nvim_exec2() called at /home/nmd2k/.config/nvim/init.lua:0
062.817  000.006  000.006: sourcing nvim_exec2() called at /home/nmd2k/.config/nvim/init.lua:0
062.827  000.003  000.003: sourcing nvim_exec2() called at /home/nmd2k/.config/nvim/init.lua:0
062.832  006.213  004.274: require('plugins.ui')
062.833  059.470  000.108: sourcing /home/nmd2k/.config/nvim/init.lua
062.843  000.505: sourcing vimrc file(s)
063.370  000.017  000.017: sourcing /usr/share/nvim/site/ftdetect/ghostty.vim
063.422  000.268  000.251: sourcing nvim_exec2() called at /usr/share/nvim/runtime/filetype.lua:0
063.424  000.353  000.085: sourcing /usr/share/nvim/runtime/filetype.lua
063.684  000.048  000.048: sourcing /usr/share/nvim/runtime/syntax/synload.vim
063.741  000.240  000.193: sourcing /usr/share/nvim/runtime/syntax/syntax.vim
064.048  000.048  000.048: sourcing /home/nmd2k/.local/share/nvim/site/pack/core/opt/which-key.nvim/plugin/which-key.lua
064.210  000.071  000.071: sourcing /home/nmd2k/.local/share/nvim/site/pack/core/opt/rainbow-delimiters.nvim/plugin/rainbow-delimiters.lua
064.351  000.046  000.046: sourcing /home/nmd2k/.local/share/nvim/site/pack/core/opt/github-nvim-theme/plugin/github_theme.lua
064.477  000.020  000.020: sourcing /home/nmd2k/.local/share/nvim/site/pack/core/opt/nvim-web-devicons/plugin/nvim-web-devicons.vim
064.700  000.065  000.065: require('cmp.utils.highlight')
065.035  000.003  000.003: sourcing nvim_exec2() called at /home/nmd2k/.local/share/nvim/site/pack/core/opt/nvim-cmp/plugin/cmp.lua:0
065.038  000.456  000.388: sourcing /home/nmd2k/.local/share/nvim/site/pack/core/opt/nvim-cmp/plugin/cmp.lua
065.180  000.016  000.016: sourcing /home/nmd2k/.local/share/nvim/site/pack/core/opt/LuaSnip/plugin/luasnip.vim
067.089  001.822  001.822: require('vim.filetype')
067.384  002.178  000.356: sourcing /home/nmd2k/.local/share/nvim/site/pack/core/opt/LuaSnip/plugin/luasnip.lua
067.532  000.058  000.058: sourcing /home/nmd2k/.local/share/nvim/site/pack/core/opt/conform.nvim/plugin/conform.lua
067.646  000.020  000.020: sourcing /home/nmd2k/.local/share/nvim/site/pack/core/opt/plenary/plugin/plenary.vim
067.922  000.200  000.200: sourcing /home/nmd2k/.local/share/nvim/site/pack/core/opt/telescope/plugin/telescope.lua
068.084  000.058  000.058: sourcing /home/nmd2k/.local/share/nvim/site/pack/core/opt/mason-tool-installer.nvim/plugin/mason-tool-installer.lua
068.293  000.113  000.113: sourcing /home/nmd2k/.local/share/nvim/site/pack/core/opt/nvim-lspconfig/plugin/lspconfig.lua
068.669  000.296  000.296: sourcing /usr/share/nvim/site/plugin/fzf.vim
069.014  000.114  000.114: sourcing /usr/share/nvim/runtime/plugin/gzip.vim
069.829  000.102  000.102: sourcing /usr/share/nvim/runtime/pack/dist/opt/matchit/plugin/matchit.vim
069.870  000.839  000.737: sourcing /usr/share/nvim/runtime/plugin/matchit.vim
069.970  000.083  000.083: sourcing /usr/share/nvim/runtime/plugin/matchparen.vim
070.812  000.135  000.135: sourcing /usr/share/nvim/runtime/pack/dist/opt/netrw/plugin/netrwPlugin.vim
070.853  000.865  000.731: sourcing /usr/share/nvim/runtime/plugin/netrwPlugin.vim
070.975  000.098  000.098: sourcing /usr/share/nvim/runtime/plugin/rplugin.vim
071.055  000.058  000.058: sourcing /usr/share/nvim/runtime/plugin/tarPlugin.vim
071.095  000.012  000.012: sourcing /usr/share/nvim/runtime/plugin/tutor.vim
071.199  000.085  000.085: sourcing /usr/share/nvim/runtime/plugin/zipPlugin.vim
071.311  000.090  000.090: sourcing /usr/share/nvim/runtime/plugin/editorconfig.lua
071.406  000.070  000.070: sourcing /usr/share/nvim/runtime/plugin/man.lua
071.528  000.101  000.101: sourcing /usr/share/nvim/runtime/plugin/net.lua
071.604  000.053  000.053: sourcing /usr/share/nvim/runtime/plugin/osc52.lua
071.698  000.073  000.073: sourcing /usr/share/nvim/runtime/plugin/shada.lua
071.769  000.041  000.041: sourcing /usr/share/nvim/runtime/plugin/spellfile.lua
071.783  002.186: loading rtp plugins
071.905  000.122: loading packages
072.062  000.072  000.072: sourcing /home/nmd2k/.local/share/nvim/site/pack/core/opt/indent-blankline.nvim/after/plugin/commands.lua
072.293  000.109  000.109: require('cmp_cmdline')
072.361  000.209  000.100: sourcing /home/nmd2k/.local/share/nvim/site/pack/core/opt/cmp-cmdline/after/plugin/cmp_cmdline.lua
072.582  000.080  000.080: require('cmp_path')
072.621  000.167  000.087: sourcing /home/nmd2k/.local/share/nvim/site/pack/core/opt/cmp-path/after/plugin/cmp_path.lua
073.022  000.101  000.101: require('cmp_buffer.timer')
073.034  000.197  000.096: require('cmp_buffer.buffer')
073.039  000.251  000.054: require('cmp_buffer.source')
073.040  000.293  000.042: require('cmp_buffer')
073.074  000.363  000.071: sourcing /home/nmd2k/.local/share/nvim/site/pack/core/opt/cmp-buffer/after/plugin/cmp_buffer.lua
073.210  000.046  000.046: sourcing /home/nmd2k/.local/share/nvim/site/pack/core/opt/cmp-nvim-lsp/after/plugin/cmp_nvim_lsp.lua
073.437  000.102  000.102: require('cmp_luasnip')
073.486  000.192  000.090: sourcing /home/nmd2k/.local/share/nvim/site/pack/core/opt/cmp_luasnip/after/plugin/cmp_luasnip.lua
073.500  000.545: loading after plugins
073.507  000.007: inits 3
075.369  001.862: reading ShaDa
075.679  000.135  000.135: require('luasnip.loaders.from_lua')
075.811  000.125  000.125: require('luasnip.loaders.from_snipmate')
075.889  000.260: opening buffers
075.993  000.104: BufEnter autocommands
075.996  000.003: editing files in windows
076.000  000.004: --- NVIM STARTED ---

--- Startup times for process: Primary (or UI client) ---

times in msec
 clock   self+sourced   self:  sourced script
 clock   elapsed:              other lines

000.000  000.000: --- NVIM STARTING ---
000.159  000.158: event init
000.250  000.091: early init
000.308  000.058: locale set
000.347  000.039: init first window
000.664  000.317: inits 1
000.674  000.010: window checked
000.676  000.003: parsing arguments
001.136  000.057  000.057: require('vim._core.shared')
001.202  000.003  000.003: require('string.buffer')
001.241  000.057  000.055: require('vim.inspect')
001.294  000.039  000.039: require('vim._core.options')
001.295  000.157  000.061: require('vim._core.editor')
001.323  000.027  000.027: require('vim._core.system')
001.324  000.263  000.022: require('vim._init_packages')
001.325  000.386: init lua interpreter
002.376  001.051: nvim_ui_attach
002.700  000.324: nvim_set_client_info
002.702  000.001: --- NVIM STARTED ---

--- Startup times for process: Embedded ---

times in msec
 clock   self+sourced   self:  sourced script
 clock   elapsed:              other lines

000.000  000.000: --- NVIM STARTING ---
000.137  000.137: event init
000.216  000.079: early init
000.279  000.064: locale set
000.320  000.041: init first window
000.609  000.289: inits 1
000.619  000.010: window checked
000.621  000.002: parsing arguments
001.059  000.041  000.041: require('vim._core.shared')
001.138  000.002  000.002: require('string.buffer')
001.174  000.056  000.053: require('vim.inspect')
001.227  000.040  000.040: require('vim._core.options')
001.228  000.167  000.072: require('vim._core.editor')
001.255  000.026  000.026: require('vim._core.system')
001.256  000.255  000.021: require('vim._init_packages')
001.260  000.384: init lua interpreter
001.340  000.081: expanding arguments
001.362  000.022: inits 2
001.566  000.204: init highlight
001.567  000.001: waiting for UI
001.686  000.118: done waiting for UI
001.689  000.003: clear screen
001.818  000.012  000.012: require('vim.keymap')
002.466  000.116  000.116: sourcing nvim_exec2()
002.491  000.005  000.005: require('vim._core.log')
002.825  001.134  001.000: require('vim._core.defaults')
002.827  000.004: init default mappings & autocommands
003.289  000.044  000.044: sourcing /usr/share/nvim/runtime/ftplugin.vim
003.347  000.020  000.020: sourcing /usr/share/nvim/runtime/indent.vim
003.402  000.019  000.019: sourcing $VIM/sysinit.vim
003.541  000.037  000.037: require('vim.fs')
003.643  000.099  000.099: require('vim.uri')
003.654  000.186  000.050: require('vim.loader')
003.692  000.026  000.026: require('vim._core.ui2')
003.883  000.184  000.184: require('vim._core.ui2.cmdline')
004.003  000.117  000.117: require('vim._core.ui2.messages')
004.351  000.075  000.075: require('vim._async')
004.363  000.281  000.206: require('vim.pack')
004.429  000.004  000.004: require('vim.F')
011.395  007.367  007.082: require('pack')
011.461  000.063  000.063: require('utils.commands')
011.640  000.177  000.177: require('settings.options')
012.248  000.449  000.449: require('vim.diagnostic')
012.335  000.693  000.244: require('settings.keymaps')
013.442  001.044  001.044: require('catppuccin')
014.018  000.086  000.086: require('catppuccin.lib.hashing')
015.298  000.983  000.983: sourcing /home/nmd2k/.local/share/nvim/site/pack/core/opt/nvim/colors/catppuccin-macchiato.lua
015.305  002.968  000.855: require('plugins.theme')
016.106  000.062  000.062: require('mason-core.path')
016.436  000.108  000.108: require('mason-core.functional.data')
016.543  000.104  000.104: require('mason-core.functional.function')
016.631  000.080  000.080: require('mason-core.functional.list')
016.718  000.079  000.079: require('mason-core.functional.relation')
016.850  000.129  000.129: require('mason-core.functional.logic')
016.930  000.077  000.077: require('mason-core.functional.number')
016.993  000.056  000.056: require('mason-core.functional.string')
017.048  000.052  000.052: require('mason-core.functional.table')
017.129  000.056  000.056: require('mason-core.functional.type')
017.133  000.942  000.202: require('mason-core.functional')
017.196  001.087  000.145: require('mason-core.platform')
017.304  000.107  000.107: require('mason.settings')
017.310  001.320  000.064: require('mason-core.installer.InstallLocation')
017.631  000.089  000.089: require('mason-core.log')
017.636  000.239  000.150: require('mason-core.EventEmitter')
017.686  000.048  000.048: require('mason-registry.sources')
017.702  000.391  000.103: require('mason-registry')
017.706  002.344  000.634: require('mason')
017.785  000.064  000.064: require('mason.api.command')
017.861  000.028  000.028: require('mason.version')
017.868  000.077  000.049: require('mason-tool-installer')
017.961  000.027  000.027: require('mason-lspconfig.settings')
017.963  000.087  000.060: require('mason-lspconfig')
018.123  000.043  000.043: require('mason-core.async')
018.195  000.026  000.026: require('mason-core.async.uv')
018.200  000.075  000.048: require('mason-core.fs')
018.328  000.032  000.032: require('mason-core.result')
018.452  000.064  000.064: require('mason-core.process')
018.489  000.035  000.035: require('mason-core.spawn')
018.491  000.131  000.031: require('mason-core.installer.managers.powershell')
018.493  000.163  000.032: require('mason-core.fetch')
018.520  000.026  000.026: require('mason-core.providers')
018.571  000.025  000.025: require('mason-core.optional')
018.684  000.049  000.049: require('mason-core.purl')
018.718  000.032  000.032: require('mason-core.async.control')
018.722  000.117  000.036: require('mason-core.package.AbstractPackage')
018.944  000.050  000.050: require('mason-core.installer.compiler.expr')
018.951  000.109  000.059: require('mason-core.installer.compiler.link')
019.202  000.065  000.065: require('mason-core.installer.context.InstallContextCwd')
019.259  000.055  000.055: require('mason-core.installer.context.InstallContextFs')
019.337  000.077  000.077: require('mason-core.installer.context.InstallContextSpawn')
019.401  000.060  000.060: require('mason-core.receipt')
019.417  000.339  000.081: require('mason-core.installer.context')
019.418  000.374  000.035: require('mason-core.installer')
019.436  000.444  000.070: require('mason-core.installer.managers.std')
019.438  000.485  000.041: require('mason-core.installer.compiler.schemas')
019.487  000.048  000.048: require('mason-core.installer.compiler.util')
019.499  000.725  000.083: require('mason-core.installer.compiler')
019.570  000.070  000.070: require('mason-core.installer.linker')
019.575  000.852  000.057: require('mason-core.installer.InstallRunner')
019.656  000.080  000.080: require('mason-core.installer.UninstallRunner')
019.664  001.092  000.043: require('mason-core.package')
019.666  001.144  000.027: require('mason-registry.sources.util')
019.674  001.417  000.053: require('mason-registry.sources.github')
019.833  000.055  000.055: require('mason-registry.sources.synthesized')
022.698  000.048  000.048: require('mason-lspconfig.mappings')
022.700  000.096  000.049: require('mason-lspconfig.features.automatic_enable')
027.425  000.609  000.609: require('vim.lsp.protocol')
027.450  000.681  000.073: require('vim.lsp.log')
027.665  000.212  000.212: require('vim.lsp.util')
027.807  000.063  000.063: require('vim.lsp.sync')
027.817  000.149  000.086: require('vim.lsp._changetracking')
027.963  000.066  000.066: require('vim.lsp._transport')
027.969  000.004  000.004: require('vim._core.stringbuffer')
028.023  000.204  000.134: require('vim.lsp.rpc')
028.072  001.423  000.176: require('vim.lsp')
030.495  000.040  000.040: require('mason-lspconfig.notify')
030.514  000.115  000.075: require('mason-lspconfig.api.command')
030.635  000.120  000.120: require('conform')
031.649  000.067  000.067: require('cmp_nvim_lsp.source')
031.655  000.128  000.061: require('cmp_nvim_lsp')
031.797  000.094  000.094: require('vim.lsp.inlay_hint')
031.808  016.500  010.364: require('plugins.lsp')
031.893  000.036  000.036: require('utils.ui')
032.302  000.213  000.213: require('cmp.utils.debug')
032.564  000.196  000.196: require('cmp.utils.char')
032.572  000.267  000.071: require('cmp.utils.str')
032.852  000.113  000.113: require('cmp.utils.misc')
032.883  000.030  000.030: require('cmp.utils.buffer')
032.916  000.031  000.031: require('cmp.utils.api')
032.922  000.266  000.092: require('cmp.utils.keymap')
032.925  000.352  000.086: require('cmp.utils.feedkeys')
033.088  000.026  000.026: require('cmp.types.cmp')
033.192  000.102  000.102: require('cmp.types.lsp')
033.240  000.046  000.046: require('cmp.types.vim')
033.242  000.212  000.037: require('cmp.types')
033.245  000.249  000.038: require('cmp.config.mapping')
033.295  000.048  000.048: require('cmp.utils.cache')
033.368  000.035  000.035: require('cmp.config.compare')
033.396  000.027  000.027: require('cmp.config.window')
033.397  000.098  000.037: require('cmp.config.default')
033.409  000.445  000.049: require('cmp.config')
033.416  000.490  000.046: require('cmp.utils.async')
033.473  000.025  000.025: require('cmp.utils.pattern')
033.510  000.093  000.068: require('cmp.context')
033.644  000.053  000.053: require('cmp.utils.snippet')
033.676  000.029  000.029: require('cmp.matcher')
033.730  000.177  000.095: require('cmp.entry')
033.735  000.224  000.046: require('cmp.source')
033.796  000.025  000.025: require('cmp.utils.event')
033.879  000.023  000.023: require('cmp.utils.options')
033.882  000.057  000.035: require('cmp.utils.window')
033.884  000.086  000.029: require('cmp.view.docs_view')
033.948  000.027  000.027: require('cmp.utils.autocmd')
033.953  000.068  000.041: require('cmp.view.custom_entries_view')
033.988  000.034  000.034: require('cmp.view.wildmenu_entries_view')
034.021  000.031  000.031: require('cmp.view.native_entries_view')
034.058  000.036  000.036: require('cmp.view.ghost_text_view')
034.063  000.328  000.046: require('cmp.view')
034.449  002.479  000.512: require('cmp.core')
034.542  000.037  000.037: require('cmp.config.sources')
034.573  002.678  000.162: require('cmp')
034.759  000.023  000.023: require('luasnip.util.types')
034.790  000.030  000.030: require('luasnip.util.lazy_table')
034.827  000.036  000.036: require('luasnip.extras.filetype_functions')
034.837  000.136  000.047: require('luasnip.default_config')
034.839  000.168  000.032: require('luasnip.session')
034.918  000.049  000.049: require('vim.version')
036.020  001.181  001.132: require('luasnip.util.vimversion')
036.030  001.397  000.048: require('luasnip.util.util')
036.218  000.082  000.082: require('luasnip.util.str')
036.258  000.037  000.037: require('luasnip.util.table')
036.302  000.042  000.042: require('luasnip.util.ext_opts')
036.336  000.033  000.033: require('luasnip.nodes.key_indexer')
036.377  000.039  000.039: require('luasnip.util.feedkeys')
036.438  000.059  000.059: require('luasnip.nodes.util.snippet_string')
036.444  000.411  000.120: require('luasnip.nodes.util')
036.542  000.049  000.049: require('luasnip.session.snippet_collection.source')
036.581  000.036  000.036: require('luasnip.util.auto_table')
036.586  000.141  000.056: require('luasnip.session.snippet_collection')
036.731  000.048  000.048: require('luasnip.util.select')
036.761  000.029  000.029: require('luasnip.util.time')
037.008  000.371  000.295: require('luasnip.util._builtin_vars')
037.070  000.483  000.112: require('luasnip.util.environ')
037.116  000.044  000.044: require('luasnip.util.extend_decorator')
037.236  000.065  000.065: require('luasnip.util.path')
037.354  000.068  000.068: require('luasnip.util.log')
037.360  000.122  000.053: require('luasnip.loaders.util')
037.396  000.036  000.036: require('luasnip.loaders.data')
037.475  000.077  000.077: require('luasnip.loaders.fs_watchers')
037.478  000.360  000.061: require('luasnip.loaders')
037.535  000.040  000.040: require('luasnip.config')
037.537  002.962  000.087: require('luasnip')
037.641  000.032  000.032: require('luasnip.session.enqueueable_operations')
037.889  000.029  000.029: require('luasnip.util.events')
037.923  000.032  000.032: require('luasnip.nodes.optional_arg')
037.933  000.131  000.069: require('luasnip.nodes.node')
038.053  000.119  000.119: require('luasnip.nodes.insertNode')
038.100  000.045  000.045: require('luasnip.nodes.textNode')
038.156  000.054  000.054: require('luasnip.util.mark')
038.194  000.036  000.036: require('luasnip.util.pattern_tokenizer')
038.229  000.034  000.034: require('luasnip.util.dict')
038.427  000.162  000.162: require('luasnip.util.jsregexp')
038.432  000.201  000.040: require('luasnip.nodes.util.trig_engines')
038.472  000.790  000.170: require('luasnip.nodes.snippet')
038.611  000.043  000.043: require('luasnip.util.parser.neovim_ast')
038.731  000.106  000.106: require('luasnip.util.jsregexp')
038.779  000.046  000.046: require('luasnip.util.directed_graph')
038.784  000.260  000.065: require('luasnip.util.parser.ast_utils')
038.833  000.047  000.047: require('luasnip.nodes.functionNode')
038.901  000.067  000.067: require('luasnip.nodes.choiceNode')
038.984  000.081  000.081: require('luasnip.nodes.dynamicNode')
039.018  000.033  000.033: require('luasnip.util.functions')
039.022  000.548  000.061: require('luasnip.util.parser.ast_parser')
039.105  000.083  000.083: require('luasnip.util.parser.neovim_parser')
039.109  001.466  000.046: require('luasnip.util.parser')
039.161  000.051  000.051: require('luasnip.nodes.snippetProxy')
039.271  000.105  000.105: require('luasnip.util.jsonc')
039.345  000.033  000.033: require('luasnip.nodes.duplicate')
039.348  000.075  000.042: require('luasnip.loaders.snippet_cache')
039.355  001.817  000.088: require('luasnip.loaders.from_vscode')
043.630  000.062  000.062: require('luasnip.nodes.multiSnippet')
044.871  000.047  000.047: require('nvim-autopairs._log')
044.938  000.064  000.064: require('nvim-autopairs.utils')
044.948  000.184  000.074: require('nvim-autopairs.conds')
044.954  000.249  000.064: require('nvim-autopairs.rule')
044.957  000.349  000.100: require('nvim-autopairs.rules.basic')
044.966  000.477  000.128: require('nvim-autopairs')
045.656  000.082  000.082: require('vim.treesitter.language')
045.694  000.035  000.035: require('vim.func')
045.748  000.052  000.052: require('vim.treesitter._range')
045.796  000.043  000.043: require('vim.func._memoize')
045.871  000.415  000.203: require('vim.treesitter.query')
045.887  000.546  000.131: require('vim.treesitter.languagetree')
045.892  000.620  000.075: require('vim.treesitter')
045.894  000.675  000.054: require('nvim-autopairs.ts-conds')
045.896  000.728  000.053: require('nvim-autopairs.rules.ts_basic')
046.012  000.115  000.115: require('vim.treesitter.highlighter')
046.491  000.055  000.055: require('nvim-autopairs.completion.handlers')
046.500  000.120  000.065: require('nvim-autopairs.completion.cmp')
047.203  015.394  006.398: require('plugins.cmp')
047.475  000.097  000.097: require('telescope._extensions')
047.479  000.215  000.118: require('telescope')
047.640  000.160  000.160: require('telescope.builtin')
048.891  000.390  000.390: require('plenary.bit')
048.998  000.105  000.105: require('plenary.functional')
049.031  000.022  000.022: require('ffi')
049.060  000.767  000.250: require('plenary.path')
049.072  001.172  000.404: require('plenary.strings')
049.328  000.056  000.056: require('plenary.log')
049.369  000.142  000.086: require('telescope.log')
049.511  000.027  000.027: require('plenary.compat')
049.517  000.077  000.050: require('plenary.job')
049.558  000.040  000.040: require('telescope.state')
049.567  000.196  000.079: require('telescope.utils')
049.571  000.498  000.160: require('telescope.sorters')
050.743  003.099  001.429: require('telescope.config')
051.469  000.104  000.104: require('fzf_lib')
051.475  000.158  000.054: require('telescope._extensions.fzf')
051.710  000.059  000.059: require('telescope.actions.state')
051.719  000.122  000.062: require('telescope._extensions.file_browser.utils')
051.792  000.071  000.071: require('telescope._extensions.file_browser.lsp')
051.977  000.035  000.035: require('plenary.window.border')
052.006  000.027  000.027: require('plenary.window')
052.031  000.024  000.024: require('plenary.popup.utils')
052.034  000.133  000.047: require('plenary.popup')
052.075  000.040  000.040: require('telescope.pickers.scroller')
052.114  000.038  000.038: require('telescope.actions.utils')
052.211  000.042  000.042: require('telescope.actions.mt')
052.221  000.107  000.064: require('telescope.actions.set')
052.303  000.041  000.041: require('telescope.config.resolve')
052.306  000.083  000.042: require('telescope.pickers.entry_display')
052.343  000.037  000.037: require('telescope.from_entry')
052.433  000.639  000.202: require('telescope.actions')
053.769  001.334  001.334: require('plenary.scandir')
053.936  000.025  000.025: require('plenary.tbl')
053.939  000.053  000.028: require('plenary.vararg.rotate')
053.940  000.084  000.032: require('plenary.vararg')
053.964  000.023  000.023: require('plenary.errors')
053.966  000.144  000.037: require('plenary.async.async')
054.076  000.025  000.025: require('plenary.async.structs')
054.080  000.059  000.034: require('plenary.async.control')
054.084  000.090  000.031: require('plenary.async.util')
054.121  000.153  000.063: require('plenary.async.tests')
054.122  000.350  000.052: require('plenary.async')
054.181  002.655  000.140: require('telescope._extensions.file_browser.actions')
054.322  000.039  000.039: require('telescope._extensions.file_browser.git')
054.357  000.033  000.033: require('telescope._extensions.file_browser.make_entry_utils')
054.400  000.043  000.043: require('telescope._extensions.file_browser.fs_stat')
054.403  000.163  000.050: require('telescope._extensions.file_browser.make_entry')
055.082  000.026  000.026: require('plenary.class')
055.119  000.675  000.649: require('telescope.async_job')
055.222  000.101  000.101: require('telescope.make_entry')
055.224  000.820  000.043: require('telescope.finders.async_oneshot_finder')
055.310  000.037  000.037: require('telescope.finders.async_static_finder')
055.347  000.037  000.037: require('telescope.finders.async_job_finder')
055.350  000.126  000.052: require('telescope.finders')
055.353  001.170  000.062: require('telescope._extensions.file_browser.finders')
055.617  000.045  000.045: require('telescope.debounce')
055.718  000.099  000.099: require('telescope.mappings')
055.807  000.029  000.029: require('vim.hl')
055.811  000.091  000.061: require('telescope.pickers.highlights')
055.851  000.038  000.038: require('telescope.pickers.window')
055.888  000.037  000.037: require('telescope.pickers.layout')
055.966  000.038  000.038: require('telescope.algos.linked_list')
055.968  000.079  000.041: require('telescope.entry_manager')
056.004  000.035  000.035: require('telescope.pickers.multi')
056.012  000.578  000.155: require('telescope.pickers')
056.014  000.661  000.083: require('telescope._extensions.file_browser.picker')
056.071  000.056  000.056: require('telescope._extensions.file_browser.config')
056.073  004.594  000.052: require('telescope._extensions.file_browser')
056.157  008.952  000.725: require('plugins.telescope')
056.346  000.042  000.042: require('ibl.utils')
056.350  000.077  000.036: require('ibl.config')
056.407  000.025  000.025: require('ibl.indent')
056.410  000.059  000.034: require('ibl.hooks')
056.412  000.166  000.030: require('ibl.highlights')
056.438  000.025  000.025: require('ibl.autocmds')
056.467  000.028  000.028: require('ibl.inlay_hints')
056.493  000.025  000.025: require('ibl.virt_text')
056.631  000.115  000.115: require('ibl.scope_languages')
056.633  000.139  000.025: require('ibl.scope')
056.639  000.431  000.047: require('ibl')
056.788  000.071  000.071: require('vim.iter')
057.006  000.102  000.102: require('vim.lsp.completion')
057.047  000.224  000.123: require('vim.lsp.handlers')
057.196  000.079  000.079: require('rainbow-delimiters.setup')
057.344  000.141  000.141: require('mini.notify')
057.641  000.057  000.057: require('lualine_require')
057.911  000.435  000.378: require('lualine')
058.460  000.031  000.031: sourcing nvim_exec2() called at /home/nmd2k/.config/nvim/init.lua:0
059.102  000.048  000.048: require('catppuccin.utils.lualine')
059.156  000.051  000.051: require('catppuccin.palettes')
059.195  000.037  000.037: require('catppuccin.palettes.macchiato')
059.761  000.007  000.007: sourcing nvim_exec2() called at /home/nmd2k/.config/nvim/init.lua:0
059.773  000.003  000.003: sourcing nvim_exec2() called at /home/nmd2k/.config/nvim/init.lua:0
059.781  000.002  000.002: sourcing nvim_exec2() called at /home/nmd2k/.config/nvim/init.lua:0
059.787  000.002  000.002: sourcing nvim_exec2() called at /home/nmd2k/.config/nvim/init.lua:0
059.792  000.002  000.002: sourcing nvim_exec2() called at /home/nmd2k/.config/nvim/init.lua:0
059.798  000.002  000.002: sourcing nvim_exec2() called at /home/nmd2k/.config/nvim/init.lua:0
059.802  000.002  000.002: sourcing nvim_exec2() called at /home/nmd2k/.config/nvim/init.lua:0
059.813  000.008  000.008: sourcing nvim_exec2() called at /home/nmd2k/.config/nvim/init.lua:0
059.819  000.002  000.002: sourcing nvim_exec2() called at /home/nmd2k/.config/nvim/init.lua:0
059.824  000.002  000.002: sourcing nvim_exec2() called at /home/nmd2k/.config/nvim/init.lua:0
059.829  000.002  000.002: sourcing nvim_exec2() called at /home/nmd2k/.config/nvim/init.lua:0
059.833  000.002  000.002: sourcing nvim_exec2() called at /home/nmd2k/.config/nvim/init.lua:0
059.838  000.002  000.002: sourcing nvim_exec2() called at /home/nmd2k/.config/nvim/init.lua:0
059.842  000.001  000.001: sourcing nvim_exec2() called at /home/nmd2k/.config/nvim/init.lua:0
059.847  000.002  000.002: sourcing nvim_exec2() called at /home/nmd2k/.config/nvim/init.lua:0
059.851  000.002  000.002: sourcing nvim_exec2() called at /home/nmd2k/.config/nvim/init.lua:0
059.862  000.002  000.002: sourcing nvim_exec2() called at /home/nmd2k/.config/nvim/init.lua:0
059.871  000.007  000.007: sourcing nvim_exec2() called at /home/nmd2k/.config/nvim/init.lua:0
060.415  000.006  000.006: sourcing nvim_exec2() called at /home/nmd2k/.config/nvim/init.lua:0
060.422  000.003  000.003: sourcing nvim_exec2() called at /home/nmd2k/.config/nvim/init.lua:0
060.602  000.005  000.005: sourcing nvim_exec2() called at /home/nmd2k/.config/nvim/init.lua:0
060.618  000.002  000.002: sourcing nvim_exec2() called at /home/nmd2k/.config/nvim/init.lua:0
060.625  000.002  000.002: sourcing nvim_exec2() called at /home/nmd2k/.config/nvim/init.lua:0
060.630  000.001  000.001: sourcing nvim_exec2() called at /home/nmd2k/.config/nvim/init.lua:0
060.636  000.001  000.001: sourcing nvim_exec2() called at /home/nmd2k/.config/nvim/init.lua:0
060.641  000.001  000.001: sourcing nvim_exec2() called at /home/nmd2k/.config/nvim/init.lua:0
060.648  000.002  000.002: sourcing nvim_exec2() called at /home/nmd2k/.config/nvim/init.lua:0
060.655  000.002  000.002: sourcing nvim_exec2() called at /home/nmd2k/.config/nvim/init.lua:0
060.660  000.001  000.001: sourcing nvim_exec2() called at /home/nmd2k/.config/nvim/init.lua:0
060.690  000.002  000.002: sourcing nvim_exec2() called at /home/nmd2k/.config/nvim/init.lua:0
060.697  000.001  000.001: sourcing nvim_exec2() called at /home/nmd2k/.config/nvim/init.lua:0
060.704  000.002  000.002: sourcing nvim_exec2() called at /home/nmd2k/.config/nvim/init.lua:0
060.708  000.001  000.001: sourcing nvim_exec2() called at /home/nmd2k/.config/nvim/init.lua:0
060.715  000.002  000.002: sourcing nvim_exec2() called at /home/nmd2k/.config/nvim/init.lua:0
060.721  000.002  000.002: sourcing nvim_exec2() called at /home/nmd2k/.config/nvim/init.lua:0
060.731  000.001  000.001: sourcing nvim_exec2() called at /home/nmd2k/.config/nvim/init.lua:0
060.736  000.001  000.001: sourcing nvim_exec2() called at /home/nmd2k/.config/nvim/init.lua:0
060.742  000.001  000.001: sourcing nvim_exec2() called at /home/nmd2k/.config/nvim/init.lua:0
060.746  000.001  000.001: sourcing nvim_exec2() called at /home/nmd2k/.config/nvim/init.lua:0
060.750  000.001  000.001: sourcing nvim_exec2() called at /home/nmd2k/.config/nvim/init.lua:0
060.757  000.002  000.002: sourcing nvim_exec2() called at /home/nmd2k/.config/nvim/init.lua:0
060.862  000.007  000.007: sourcing nvim_exec2() called at /home/nmd2k/.config/nvim/init.lua:0
060.867  000.002  000.002: sourcing nvim_exec2() called at /home/nmd2k/.config/nvim/init.lua:0
060.871  000.002  000.002: sourcing nvim_exec2() called at /home/nmd2k/.config/nvim/init.lua:0
060.876  000.003  000.003: sourcing nvim_exec2() called at /home/nmd2k/.config/nvim/init.lua:0
061.323  000.005  000.005: sourcing nvim_exec2() called at /home/nmd2k/.config/nvim/init.lua:0
061.334  000.002  000.002: sourcing nvim_exec2() called at /home/nmd2k/.config/nvim/init.lua:0
061.340  000.002  000.002: sourcing nvim_exec2() called at /home/nmd2k/.config/nvim/init.lua:0
061.347  000.001  000.001: sourcing nvim_exec2() called at /home/nmd2k/.config/nvim/init.lua:0
061.352  000.002  000.002: sourcing nvim_exec2() called at /home/nmd2k/.config/nvim/init.lua:0
061.356  000.001  000.001: sourcing nvim_exec2() called at /home/nmd2k/.config/nvim/init.lua:0
061.361  000.002  000.002: sourcing nvim_exec2() called at /home/nmd2k/.config/nvim/init.lua:0
061.374  000.001  000.001: sourcing nvim_exec2() called at /home/nmd2k/.config/nvim/init.lua:0
061.414  000.004  000.004: sourcing nvim_exec2() called at /home/nmd2k/.config/nvim/init.lua:0
061.427  000.003  000.003: sourcing nvim_exec2() called at /home/nmd2k/.config/nvim/init.lua:0
061.434  000.002  000.002: sourcing nvim_exec2() called at /home/nmd2k/.config/nvim/init.lua:0
061.445  000.003  000.003: sourcing nvim_exec2() called at /home/nmd2k/.config/nvim/init.lua:0
061.451  000.001  000.001: sourcing nvim_exec2() called at /home/nmd2k/.config/nvim/init.lua:0
061.456  000.002  000.002: sourcing nvim_exec2() called at /home/nmd2k/.config/nvim/init.lua:0
061.470  000.002  000.002: sourcing nvim_exec2() called at /home/nmd2k/.config/nvim/init.lua:0
061.500  000.002  000.002: sourcing nvim_exec2() called at /home/nmd2k/.config/nvim/init.lua:0
061.511  000.002  000.002: sourcing nvim_exec2() called at /home/nmd2k/.config/nvim/init.lua:0
061.542  000.002  000.002: sourcing nvim_exec2() called at /home/nmd2k/.config/nvim/init.lua:0
061.550  000.001  000.001: sourcing nvim_exec2() called at /home/nmd2k/.config/nvim/init.lua:0
061.556  000.002  000.002: sourcing nvim_exec2() called at /home/nmd2k/.config/nvim/init.lua:0
061.566  000.002  000.002: sourcing nvim_exec2() called at /home/nmd2k/.config/nvim/init.lua:0
061.576  000.003  000.003: sourcing nvim_exec2() called at /home/nmd2k/.config/nvim/init.lua:0
061.582  000.001  000.001: sourcing nvim_exec2() called at /home/nmd2k/.config/nvim/init.lua:0
061.598  000.002  000.002: sourcing nvim_exec2() called at /home/nmd2k/.config/nvim/init.lua:0
061.606  000.002  000.002: sourcing nvim_exec2() called at /home/nmd2k/.config/nvim/init.lua:0
061.611  000.001  000.001: sourcing nvim_exec2() called at /home/nmd2k/.config/nvim/init.lua:0
061.673  000.003  000.003: sourcing nvim_exec2() called at /home/nmd2k/.config/nvim/init.lua:0
061.684  000.002  000.002: sourcing nvim_exec2() called at /home/nmd2k/.config/nvim/init.lua:0
061.855  000.050  000.050: require('lualine.utils.mode')
062.083  000.008  000.008: sourcing nvim_exec2() called at /home/nmd2k/.config/nvim/init.lua:0
062.116  000.004  000.004: sourcing nvim_exec2() called at /home/nmd2k/.config/nvim/init.lua:0
062.128  000.009  000.009: sourcing nvim_exec2() called at /home/nmd2k/.config/nvim/init.lua:0
062.136  000.006  000.006: sourcing nvim_exec2() called at /home/nmd2k/.config/nvim/init.lua:0
062.142  000.003  000.003: sourcing nvim_exec2() called at /home/nmd2k/.config/nvim/init.lua:0
062.159  006.000  004.205: require('plugins.ui')
062.160  058.729  000.103: sourcing /home/nmd2k/.config/nvim/init.lua
062.171  000.533: sourcing vimrc file(s)
062.705  000.024  000.024: sourcing /usr/share/nvim/site/ftdetect/ghostty.vim
062.775  000.304  000.281: sourcing nvim_exec2() called at /usr/share/nvim/runtime/filetype.lua:0
062.777  000.386  000.082: sourcing /usr/share/nvim/runtime/filetype.lua
063.044  000.048  000.048: sourcing /usr/share/nvim/runtime/syntax/synload.vim
063.115  000.254  000.206: sourcing /usr/share/nvim/runtime/syntax/syntax.vim
063.410  000.043  000.043: sourcing /home/nmd2k/.local/share/nvim/site/pack/core/opt/which-key.nvim/plugin/which-key.lua
063.572  000.078  000.078: sourcing /home/nmd2k/.local/share/nvim/site/pack/core/opt/rainbow-delimiters.nvim/plugin/rainbow-delimiters.lua
063.715  000.048  000.048: sourcing /home/nmd2k/.local/share/nvim/site/pack/core/opt/github-nvim-theme/plugin/github_theme.lua
063.838  000.020  000.020: sourcing /home/nmd2k/.local/share/nvim/site/pack/core/opt/nvim-web-devicons/plugin/nvim-web-devicons.vim
064.047  000.054  000.054: require('cmp.utils.highlight')
064.455  000.003  000.003: sourcing nvim_exec2() called at /home/nmd2k/.local/share/nvim/site/pack/core/opt/nvim-cmp/plugin/cmp.lua:0
064.458  000.520  000.463: sourcing /home/nmd2k/.local/share/nvim/site/pack/core/opt/nvim-cmp/plugin/cmp.lua
064.598  000.016  000.016: sourcing /home/nmd2k/.local/share/nvim/site/pack/core/opt/LuaSnip/plugin/luasnip.vim
066.378  001.699  001.699: require('vim.filetype')
066.562  001.937  000.239: sourcing /home/nmd2k/.local/share/nvim/site/pack/core/opt/LuaSnip/plugin/luasnip.lua
066.695  000.047  000.047: sourcing /home/nmd2k/.local/share/nvim/site/pack/core/opt/conform.nvim/plugin/conform.lua
066.808  000.020  000.020: sourcing /home/nmd2k/.local/share/nvim/site/pack/core/opt/plenary/plugin/plenary.vim
067.058  000.178  000.178: sourcing /home/nmd2k/.local/share/nvim/site/pack/core/opt/telescope/plugin/telescope.lua
067.213  000.057  000.057: sourcing /home/nmd2k/.local/share/nvim/site/pack/core/opt/mason-tool-installer.nvim/plugin/mason-tool-installer.lua
067.391  000.087  000.087: sourcing /home/nmd2k/.local/share/nvim/site/pack/core/opt/nvim-lspconfig/plugin/lspconfig.lua
067.760  000.291  000.291: sourcing /usr/share/nvim/site/plugin/fzf.vim
068.088  000.100  000.100: sourcing /usr/share/nvim/runtime/plugin/gzip.vim
068.921  000.104  000.104: sourcing /usr/share/nvim/runtime/pack/dist/opt/matchit/plugin/matchit.vim
068.963  000.859  000.755: sourcing /usr/share/nvim/runtime/plugin/matchit.vim
069.051  000.072  000.072: sourcing /usr/share/nvim/runtime/plugin/matchparen.vim
069.898  000.134  000.134: sourcing /usr/share/nvim/runtime/pack/dist/opt/netrw/plugin/netrwPlugin.vim
069.938  000.871  000.737: sourcing /usr/share/nvim/runtime/plugin/netrwPlugin.vim
070.052  000.090  000.090: sourcing /usr/share/nvim/runtime/plugin/rplugin.vim
070.130  000.056  000.056: sourcing /usr/share/nvim/runtime/plugin/tarPlugin.vim
070.178  000.013  000.013: sourcing /usr/share/nvim/runtime/plugin/tutor.vim
070.283  000.085  000.085: sourcing /usr/share/nvim/runtime/plugin/zipPlugin.vim
070.381  000.076  000.076: sourcing /usr/share/nvim/runtime/plugin/editorconfig.lua
070.459  000.055  000.055: sourcing /usr/share/nvim/runtime/plugin/man.lua
070.545  000.066  000.066: sourcing /usr/share/nvim/runtime/plugin/net.lua
070.630  000.063  000.063: sourcing /usr/share/nvim/runtime/plugin/osc52.lua
070.725  000.075  000.075: sourcing /usr/share/nvim/runtime/plugin/shada.lua
070.792  000.039  000.039: sourcing /usr/share/nvim/runtime/plugin/spellfile.lua
070.805  002.134: loading rtp plugins
070.926  000.120: loading packages
071.063  000.060  000.060: sourcing /home/nmd2k/.local/share/nvim/site/pack/core/opt/indent-blankline.nvim/after/plugin/commands.lua
071.300  000.110  000.110: require('cmp_cmdline')
071.327  000.169  000.059: sourcing /home/nmd2k/.local/share/nvim/site/pack/core/opt/cmp-cmdline/after/plugin/cmp_cmdline.lua
071.569  000.119  000.119: require('cmp_path')
071.613  000.199  000.080: sourcing /home/nmd2k/.local/share/nvim/site/pack/core/opt/cmp-path/after/plugin/cmp_path.lua
071.951  000.057  000.057: require('cmp_buffer.timer')
071.955  000.121  000.064: require('cmp_buffer.buffer')
071.960  000.179  000.058: require('cmp_buffer.source')
071.961  000.222  000.043: require('cmp_buffer')
071.978  000.277  000.055: sourcing /home/nmd2k/.local/share/nvim/site/pack/core/opt/cmp-buffer/after/plugin/cmp_buffer.lua
072.110  000.049  000.049: sourcing /home/nmd2k/.local/share/nvim/site/pack/core/opt/cmp-nvim-lsp/after/plugin/cmp_nvim_lsp.lua
072.322  000.077  000.077: require('cmp_luasnip')
072.351  000.146  000.069: sourcing /home/nmd2k/.local/share/nvim/site/pack/core/opt/cmp_luasnip/after/plugin/cmp_luasnip.lua
072.364  000.538: loading after plugins
072.370  000.007: inits 3
074.185  001.815: reading ShaDa
074.476  000.124  000.124: require('luasnip.loaders.from_lua')
074.588  000.105  000.105: require('luasnip.loaders.from_snipmate')
074.613  000.198: opening buffers
074.756  000.143: BufEnter autocommands
074.758  000.002: editing files in windows
074.762  000.004: --- NVIM STARTED ---

--- Startup times for process: Primary (or UI client) ---

times in msec
 clock   self+sourced   self:  sourced script
 clock   elapsed:              other lines

000.000  000.000: --- NVIM STARTING ---
000.160  000.159: event init
000.241  000.081: early init
000.303  000.062: locale set
000.343  000.040: init first window
000.665  000.322: inits 1
000.676  000.011: window checked
000.679  000.003: parsing arguments
001.152  000.042  000.042: require('vim._core.shared')
001.226  000.003  000.003: require('string.buffer')
001.249  000.046  000.043: require('vim.inspect')
001.301  000.039  000.039: require('vim._core.options')
001.303  000.148  000.063: require('vim._core.editor')
001.327  000.024  000.024: require('vim._core.system')
001.328  000.235  000.022: require('vim._init_packages')
001.330  000.416: init lua interpreter
002.468  001.138: nvim_ui_attach
002.784  000.316: nvim_set_client_info
002.785  000.001: --- NVIM STARTED ---

--- Startup times for process: Embedded ---

times in msec
 clock   self+sourced   self:  sourced script
 clock   elapsed:              other lines

000.000  000.000: --- NVIM STARTING ---
000.139  000.138: event init
000.211  000.072: early init
000.261  000.051: locale set
000.298  000.037: init first window
000.616  000.318: inits 1
000.627  000.011: window checked
000.629  000.002: parsing arguments
001.058  000.045  000.045: require('vim._core.shared')
001.128  000.002  000.002: require('string.buffer')
001.151  000.043  000.040: require('vim.inspect')
001.203  000.039  000.039: require('vim._core.options')
001.204  000.143  000.062: require('vim._core.editor')
001.230  000.024  000.024: require('vim._core.system')
001.231  000.233  000.020: require('vim._init_packages')
001.234  000.372: init lua interpreter
001.309  000.075: expanding arguments
001.332  000.022: inits 2
001.554  000.223: init highlight
001.555  000.001: waiting for UI
001.667  000.112: done waiting for UI
001.671  000.004: clear screen
001.802  000.015  000.015: require('vim.keymap')
002.430  000.116  000.116: sourcing nvim_exec2()
002.452  000.004  000.004: require('vim._core.log')
002.876  001.203  001.068: require('vim._core.defaults')
002.880  000.005: init default mappings & autocommands
003.357  000.041  000.041: sourcing /usr/share/nvim/runtime/ftplugin.vim
003.413  000.019  000.019: sourcing /usr/share/nvim/runtime/indent.vim
003.467  000.019  000.019: sourcing $VIM/sysinit.vim
003.619  000.034  000.034: require('vim.fs')
003.732  000.108  000.108: require('vim.uri')
003.745  000.179  000.037: require('vim.loader')
003.778  000.020  000.020: require('vim._core.ui2')
003.980  000.195  000.195: require('vim._core.ui2.cmdline')
004.113  000.130  000.130: require('vim._core.ui2.messages')
004.380  000.047  000.047: require('vim._async')
004.391  000.198  000.151: require('vim.pack')
004.455  000.005  000.005: require('vim.F')
011.423  007.283  007.080: require('pack')
011.543  000.113  000.113: require('utils.commands')
011.824  000.278  000.278: require('settings.options')
012.543  000.572  000.572: require('vim.diagnostic')
012.608  000.782  000.210: require('settings.keymaps')
013.524  000.860  000.860: require('catppuccin')
014.403  000.106  000.106: require('catppuccin.lib.hashing')
015.790  001.077  001.077: sourcing /home/nmd2k/.local/share/nvim/site/pack/core/opt/nvim/colors/catppuccin-macchiato.lua
015.799  003.189  001.146: require('plugins.theme')
016.698  000.067  000.067: require('mason-core.path')
017.014  000.095  000.095: require('mason-core.functional.data')
017.115  000.097  000.097: require('mason-core.functional.function')
017.218  000.098  000.098: require('mason-core.functional.list')
017.290  000.066  000.066: require('mason-core.functional.relation')
017.345  000.052  000.052: require('mason-core.functional.logic')
017.426  000.078  000.078: require('mason-core.functional.number')
017.526  000.093  000.093: require('mason-core.functional.string')
017.579  000.049  000.049: require('mason-core.functional.table')
017.647  000.065  000.065: require('mason-core.functional.type')
017.652  000.862  000.170: require('mason-core.functional')
017.706  001.005  000.143: require('mason-core.platform')
017.809  000.102  000.102: require('mason.settings')
017.818  001.270  000.096: require('mason-core.installer.InstallLocation')
018.087  000.063  000.063: require('mason-core.log')
018.090  000.176  000.113: require('mason-core.EventEmitter')
018.140  000.049  000.049: require('mason-registry.sources')
018.157  000.338  000.113: require('mason-registry')
018.160  002.289  000.682: require('mason')
018.245  000.065  000.065: require('mason.api.command')
018.329  000.029  000.029: require('mason.version')
018.336  000.082  000.054: require('mason-tool-installer')
018.517  000.033  000.033: require('mason-lspconfig.settings')
018.520  000.172  000.139: require('mason-lspconfig')
018.758  000.049  000.049: require('mason-core.async')
018.824  000.027  000.027: require('mason-core.async.uv')
018.830  000.070  000.043: require('mason-core.fs')
019.011  000.051  000.051: require('mason-core.result')
019.169  000.079  000.079: require('mason-core.process')
019.209  000.038  000.038: require('mason-core.spawn')
019.211  000.158  000.041: require('mason-core.installer.managers.powershell')
019.213  000.200  000.042: require('mason-core.fetch')
019.242  000.027  000.027: require('mason-core.providers')
019.293  000.026  000.026: require('mason-core.optional')
019.409  000.051  000.051: require('mason-core.purl')
019.450  000.039  000.039: require('mason-core.async.control')
019.454  000.126  000.036: require('mason-core.package.AbstractPackage')
019.678  000.050  000.050: require('mason-core.installer.compiler.expr')
019.685  000.115  000.065: require('mason-core.installer.compiler.link')
019.953  000.057  000.057: require('mason-core.installer.context.InstallContextCwd')
020.005  000.051  000.051: require('mason-core.installer.context.InstallContextFs')
020.052  000.045  000.045: require('mason-core.installer.context.InstallContextSpawn')
020.110  000.055  000.055: require('mason-core.receipt')
020.125  000.298  000.089: require('mason-core.installer.context')
020.128  000.339  000.041: require('mason-core.installer')
020.147  000.409  000.071: require('mason-core.installer.managers.std')
020.149  000.462  000.053: require('mason-core.installer.compiler.schemas')
020.200  000.051  000.051: require('mason-core.installer.compiler.util')
020.211  000.695  000.068: require('mason-core.installer.compiler')
020.282  000.070  000.070: require('mason-core.installer.linker')
020.287  000.832  000.067: require('mason-core.installer.InstallRunner')
020.343  000.055  000.055: require('mason-core.installer.UninstallRunner')
020.349  001.054  000.041: require('mason-core.package')
020.350  001.107  000.028: require('mason-registry.sources.util')
020.361  001.453  000.067: require('mason-registry.sources.github')
020.469  000.054  000.054: require('mason-registry.sources.synthesized')
023.334  000.046  000.046: require('mason-lspconfig.mappings')
023.337  000.095  000.049: require('mason-lspconfig.features.automatic_enable')
028.160  000.639  000.639: require('vim.lsp.protocol')
028.183  000.717  000.078: require('vim.lsp.log')
028.404  000.217  000.217: require('vim.lsp.util')
028.572  000.066  000.066: require('vim.lsp.sync')
028.580  000.173  000.107: require('vim.lsp._changetracking')
028.731  000.074  000.074: require('vim.lsp._transport')
028.740  000.007  000.007: require('vim._core.stringbuffer')
028.780  000.198  000.118: require('vim.lsp.rpc')
028.837  001.493  000.188: require('vim.lsp')
031.641  000.052  000.052: require('mason-lspconfig.notify')
031.664  000.144  000.092: require('mason-lspconfig.api.command')
031.809  000.144  000.144: require('conform')
032.917  000.078  000.078: require('cmp_nvim_lsp.source')
032.920  000.142  000.064: require('cmp_nvim_lsp')
033.079  000.120  000.120: require('vim.lsp.inlay_hint')
033.090  017.289  010.914: require('plugins.lsp')
033.193  000.045  000.045: require('utils.ui')
033.793  000.257  000.257: require('cmp.utils.debug')
034.091  000.190  000.190: require('cmp.utils.char')
034.101  000.306  000.115: require('cmp.utils.str')
034.368  000.063  000.063: require('cmp.utils.misc')
034.397  000.027  000.027: require('cmp.utils.buffer')
034.478  000.079  000.079: require('cmp.utils.api')
034.484  000.305  000.135: require('cmp.utils.keymap')
034.486  000.384  000.079: require('cmp.utils.feedkeys')
034.679  000.040  000.040: require('cmp.types.cmp')
034.738  000.058  000.058: require('cmp.types.lsp')
034.766  000.026  000.026: require('cmp.types.vim')
034.767  000.176  000.052: require('cmp.types')
034.770  000.210  000.034: require('cmp.config.mapping')
034.797  000.027  000.027: require('cmp.utils.cache')
034.863  000.033  000.033: require('cmp.config.compare')
034.889  000.024  000.024: require('cmp.config.window')
034.890  000.091  000.034: require('cmp.config.default')
034.920  000.392  000.065: require('cmp.config')
034.928  000.441  000.049: require('cmp.utils.async')
034.987  000.025  000.025: require('cmp.utils.pattern')
035.037  000.108  000.084: require('cmp.context')
035.188  000.050  000.050: require('cmp.utils.snippet')
035.219  000.030  000.030: require('cmp.matcher')
035.263  000.169  000.090: require('cmp.entry')
035.268  000.228  000.059: require('cmp.source')
035.328  000.025  000.025: require('cmp.utils.event')
035.410  000.023  000.023: require('cmp.utils.options')
035.413  000.057  000.034: require('cmp.utils.window')
035.414  000.085  000.028: require('cmp.view.docs_view')
035.490  000.037  000.037: require('cmp.utils.autocmd')
035.496  000.081  000.044: require('cmp.view.custom_entries_view')
035.535  000.038  000.038: require('cmp.view.wildmenu_entries_view')
035.568  000.032  000.032: require('cmp.view.native_entries_view')
035.613  000.044  000.044: require('cmp.view.ghost_text_view')
035.618  000.350  000.044: require('cmp.view')
036.429  003.148  001.074: require('cmp.core')
036.531  000.038  000.038: require('cmp.config.sources')
036.564  003.369  000.184: require('cmp')
036.817  000.035  000.035: require('luasnip.util.types')
036.853  000.034  000.034: require('luasnip.util.lazy_table')
036.891  000.037  000.037: require('luasnip.extras.filetype_functions')
036.900  000.173  000.067: require('luasnip.default_config')
036.902  000.212  000.039: require('luasnip.session')
036.981  000.049  000.049: require('vim.version')
037.946  001.043  000.994: require('luasnip.util.vimversion')
037.952  001.317  000.063: require('luasnip.util.util')
038.087  000.044  000.044: require('luasnip.util.str')
038.121  000.032  000.032: require('luasnip.util.table')
038.159  000.037  000.037: require('luasnip.util.ext_opts')
038.191  000.030  000.030: require('luasnip.nodes.key_indexer')
038.234  000.042  000.042: require('luasnip.util.feedkeys')
038.292  000.057  000.057: require('luasnip.nodes.util.snippet_string')
038.298  000.344  000.101: require('luasnip.nodes.util')
038.385  000.033  000.033: require('luasnip.session.snippet_collection.source')
038.422  000.036  000.036: require('luasnip.util.auto_table')
038.427  000.129  000.060: require('luasnip.session.snippet_collection')
038.554  000.038  000.038: require('luasnip.util.select')
038.586  000.030  000.030: require('luasnip.util.time')
038.855  000.389  000.322: require('luasnip.util._builtin_vars')
038.941  000.513  000.123: require('luasnip.util.environ')
038.988  000.045  000.045: require('luasnip.util.extend_decorator')
039.096  000.062  000.062: require('luasnip.util.path')
039.233  000.086  000.086: require('luasnip.util.log')
039.239  000.141  000.056: require('luasnip.loaders.util')
039.275  000.036  000.036: require('luasnip.loaders.data')
039.374  000.097  000.097: require('luasnip.loaders.fs_watchers')
039.378  000.389  000.054: require('luasnip.loaders')
039.442  000.047  000.047: require('luasnip.config')
039.444  002.880  000.096: require('luasnip')
039.549  000.033  000.033: require('luasnip.session.enqueueable_operations')
039.775  000.034  000.034: require('luasnip.util.events')
039.810  000.033  000.033: require('luasnip.nodes.optional_arg')
039.821  000.136  000.070: require('luasnip.nodes.node')
039.923  000.101  000.101: require('luasnip.nodes.insertNode')
039.989  000.064  000.064: require('luasnip.nodes.textNode')
040.047  000.056  000.056: require('luasnip.util.mark')
040.089  000.040  000.040: require('luasnip.util.pattern_tokenizer')
040.127  000.036  000.036: require('luasnip.util.dict')
040.308  000.145  000.145: require('luasnip.util.jsregexp')
040.310  000.182  000.037: require('luasnip.nodes.util.trig_engines')
040.351  000.762  000.145: require('luasnip.nodes.snippet')
040.510  000.051  000.051: require('luasnip.util.parser.neovim_ast')
040.626  000.108  000.108: require('luasnip.util.jsregexp')
040.674  000.046  000.046: require('luasnip.util.directed_graph')
040.676  000.271  000.066: require('luasnip.util.parser.ast_utils')
040.740  000.062  000.062: require('luasnip.nodes.functionNode')
040.815  000.074  000.074: require('luasnip.nodes.choiceNode')
040.892  000.076  000.076: require('luasnip.nodes.dynamicNode')
040.930  000.036  000.036: require('luasnip.util.functions')
040.933  000.580  000.062: require('luasnip.util.parser.ast_parser')
041.019  000.085  000.085: require('luasnip.util.parser.neovim_parser')
041.023  001.472  000.045: require('luasnip.util.parser')
041.062  000.038  000.038: require('luasnip.nodes.snippetProxy')
041.151  000.087  000.087: require('luasnip.util.jsonc')
041.253  000.046  000.046: require('luasnip.nodes.duplicate')
041.256  000.102  000.055: require('luasnip.loaders.snippet_cache')
041.264  001.818  000.087: require('luasnip.loaders.from_vscode')
045.407  000.067  000.067: require('luasnip.nodes.multiSnippet')
046.849  000.068  000.068: require('nvim-autopairs._log')
046.932  000.079  000.079: require('nvim-autopairs.utils')
046.938  000.245  000.099: require('nvim-autopairs.conds')
046.944  000.317  000.072: require('nvim-autopairs.rule')
046.947  000.427  000.110: require('nvim-autopairs.rules.basic')
046.960  000.607  000.180: require('nvim-autopairs')
047.785  000.107  000.107: require('vim.treesitter.language')
047.830  000.042  000.042: require('vim.func')
047.894  000.062  000.062: require('vim.treesitter._range')
047.956  000.057  000.057: require('vim.func._memoize')
048.025  000.505  000.238: require('vim.treesitter.query')
048.044  000.666  000.161: require('vim.treesitter.languagetree')
048.052  000.769  000.103: require('vim.treesitter')
048.053  000.833  000.064: require('nvim-autopairs.ts-conds')
048.058  000.891  000.059: require('nvim-autopairs.rules.ts_basic')
048.190  000.132  000.132: require('vim.treesitter.highlighter')
048.744  000.061  000.061: require('nvim-autopairs.completion.handlers')
048.752  000.133  000.072: require('nvim-autopairs.completion.cmp')
049.743  016.652  006.709: require('plugins.cmp')
049.996  000.108  000.108: require('telescope._extensions')
050.000  000.191  000.082: require('telescope')
050.550  000.549  000.549: require('telescope.builtin')
052.211  000.260  000.260: require('plenary.bit')
052.242  000.029  000.029: require('plenary.functional')
052.263  000.011  000.011: require('ffi')
052.278  000.639  000.339: require('plenary.path')
052.289  001.377  000.737: require('plenary.strings')
052.487  000.069  000.069: require('plenary.log')
052.559  000.192  000.123: require('telescope.log')
052.721  000.030  000.030: require('plenary.compat')
052.726  000.081  000.052: require('plenary.job')
052.818  000.091  000.091: require('telescope.state')
052.830  000.270  000.098: require('telescope.utils')
052.834  000.544  000.082: require('telescope.sorters')
053.937  003.369  001.449: require('telescope.config')
054.644  000.108  000.108: require('fzf_lib')
054.650  000.164  000.056: require('telescope._extensions.fzf')
054.879  000.040  000.040: require('telescope.actions.state')
054.886  000.091  000.050: require('telescope._extensions.file_browser.utils')
054.942  000.055  000.055: require('telescope._extensions.file_browser.lsp')
055.153  000.035  000.035: require('plenary.window.border')
055.184  000.030  000.030: require('plenary.window')
055.210  000.025  000.025: require('plenary.popup.utils')
055.212  000.137  000.048: require('plenary.popup')
055.254  000.040  000.040: require('telescope.pickers.scroller')
055.293  000.038  000.038: require('telescope.actions.utils')
055.378  000.040  000.040: require('telescope.actions.mt')
055.388  000.094  000.054: require('telescope.actions.set')
055.505  000.076  000.076: require('telescope.config.resolve')
055.507  000.119  000.042: require('telescope.pickers.entry_display')
055.548  000.040  000.040: require('telescope.from_entry')
055.671  000.727  000.259: require('telescope.actions')
057.024  001.351  001.351: require('plenary.scandir')
057.229  000.026  000.026: require('plenary.tbl')
057.232  000.061  000.035: require('plenary.vararg.rotate')
057.233  000.100  000.039: require('plenary.vararg')
057.260  000.026  000.026: require('plenary.errors')
057.263  000.172  000.046: require('plenary.async.async')
057.370  000.025  000.025: require('plenary.async.structs')
057.375  000.057  000.032: require('plenary.async.control')
057.379  000.089  000.031: require('plenary.async.util')
057.421  000.157  000.068: require('plenary.async.tests')
057.422  000.394  000.065: require('plenary.async')
057.453  002.733  000.115: require('telescope._extensions.file_browser.actions')
057.604  000.040  000.040: require('telescope._extensions.file_browser.git')
057.639  000.033  000.033: require('telescope._extensions.file_browser.make_entry_utils')
057.684  000.043  000.043: require('telescope._extensions.file_browser.fs_stat')
057.687  000.169  000.053: require('telescope._extensions.file_browser.make_entry')
058.384  000.027  000.027: require('plenary.class')
058.444  000.139  000.112: require('telescope.async_job')
058.552  000.106  000.106: require('telescope.make_entry')
058.555  000.867  000.621: require('telescope.finders.async_oneshot_finder')
058.641  000.038  000.038: require('telescope.finders.async_static_finder')
058.693  000.051  000.051: require('telescope.finders.async_job_finder')
058.697  000.141  000.053: require('telescope.finders')
058.700  001.245  000.068: require('telescope._extensions.file_browser.finders')
058.904  000.046  000.046: require('telescope.debounce')
058.973  000.067  000.067: require('telescope.mappings')
059.048  000.030  000.030: require('vim.hl')
059.052  000.077  000.047: require('telescope.pickers.highlights')
059.090  000.037  000.037: require('telescope.pickers.window')
059.129  000.037  000.037: require('telescope.pickers.layout')
059.206  000.037  000.037: require('telescope.algos.linked_list')
059.209  000.078  000.040: require('telescope.entry_manager')
059.246  000.036  000.036: require('telescope.pickers.multi')
059.255  000.518  000.140: require('telescope.pickers')
059.256  000.556  000.038: require('telescope._extensions.file_browser.picker')
059.298  000.040  000.040: require('telescope._extensions.file_browser.config')
059.299  004.629  000.054: require('telescope._extensions.file_browser')
059.381  009.635  000.733: require('plugins.telescope')
059.575  000.050  000.050: require('ibl.utils')
059.579  000.089  000.039: require('ibl.config')
059.638  000.025  000.025: require('ibl.indent')
059.641  000.061  000.035: require('ibl.hooks')
059.642  000.186  000.037: require('ibl.highlights')
059.677  000.034  000.034: require('ibl.autocmds')
059.712  000.033  000.033: require('ibl.inlay_hints')
059.748  000.035  000.035: require('ibl.virt_text')
059.896  000.116  000.116: require('ibl.scope_languages')
059.898  000.149  000.033: require('ibl.scope')
059.904  000.485  000.048: require('ibl')
060.095  000.077  000.077: require('vim.iter')
060.336  000.104  000.104: require('vim.lsp.completion')
060.377  000.228  000.123: require('vim.lsp.handlers')
060.502  000.051  000.051: require('rainbow-delimiters.setup')
060.609  000.103  000.103: require('mini.notify')
060.798  000.046  000.046: require('lualine_require')
061.022  000.361  000.315: require('lualine')
061.375  000.034  000.034: sourcing nvim_exec2() called at /home/nmd2k/.config/nvim/init.lua:0
062.229  000.053  000.053: require('catppuccin.utils.lualine')
062.301  000.069  000.069: require('catppuccin.palettes')
062.351  000.046  000.046: require('catppuccin.palettes.macchiato')
062.944  000.009  000.009: sourcing nvim_exec2() called at /home/nmd2k/.config/nvim/init.lua:0
062.956  000.003  000.003: sourcing nvim_exec2() called at /home/nmd2k/.config/nvim/init.lua:0
062.963  000.002  000.002: sourcing nvim_exec2() called at /home/nmd2k/.config/nvim/init.lua:0
062.968  000.002  000.002: sourcing nvim_exec2() called at /home/nmd2k/.config/nvim/init.lua:0
062.974  000.002  000.002: sourcing nvim_exec2() called at /home/nmd2k/.config/nvim/init.lua:0
062.979  000.001  000.001: sourcing nvim_exec2() called at /home/nmd2k/.config/nvim/init.lua:0
062.983  000.002  000.002: sourcing nvim_exec2() called at /home/nmd2k/.config/nvim/init.lua:0
062.995  000.009  000.009: sourcing nvim_exec2() called at /home/nmd2k/.config/nvim/init.lua:0
063.008  000.002  000.002: sourcing nvim_exec2() called at /home/nmd2k/.config/nvim/init.lua:0
063.016  000.002  000.002: sourcing nvim_exec2() called at /home/nmd2k/.config/nvim/init.lua:0
063.021  000.002  000.002: sourcing nvim_exec2() called at /home/nmd2k/.config/nvim/init.lua:0
063.026  000.002  000.002: sourcing nvim_exec2() called at /home/nmd2k/.config/nvim/init.lua:0
063.031  000.002  000.002: sourcing nvim_exec2() called at /home/nmd2k/.config/nvim/init.lua:0
063.042  000.002  000.002: sourcing nvim_exec2() called at /home/nmd2k/.config/nvim/init.lua:0
063.047  000.001  000.001: sourcing nvim_exec2() called at /home/nmd2k/.config/nvim/init.lua:0
063.052  000.002  000.002: sourcing nvim_exec2() called at /home/nmd2k/.config/nvim/init.lua:0
063.058  000.002  000.002: sourcing nvim_exec2() called at /home/nmd2k/.config/nvim/init.lua:0
063.068  000.008  000.008: sourcing nvim_exec2() called at /home/nmd2k/.config/nvim/init.lua:0
064.050  000.006  000.006: sourcing nvim_exec2() called at /home/nmd2k/.config/nvim/init.lua:0
064.065  000.002  000.002: sourcing nvim_exec2() called at /home/nmd2k/.config/nvim/init.lua:0
064.073  000.002  000.002: sourcing nvim_exec2() called at /home/nmd2k/.config/nvim/init.lua:0
064.141  000.002  000.002: sourcing nvim_exec2() called at /home/nmd2k/.config/nvim/init.lua:0
064.171  000.002  000.002: sourcing nvim_exec2() called at /home/nmd2k/.config/nvim/init.lua:0
064.204  000.002  000.002: sourcing nvim_exec2() called at /home/nmd2k/.config/nvim/init.lua:0
064.210  000.002  000.002: sourcing nvim_exec2() called at /home/nmd2k/.config/nvim/init.lua:0
064.223  000.002  000.002: sourcing nvim_exec2() called at /home/nmd2k/.config/nvim/init.lua:0
064.229  000.001  000.001: sourcing nvim_exec2() called at /home/nmd2k/.config/nvim/init.lua:0
064.241  000.002  000.002: sourcing nvim_exec2() called at /home/nmd2k/.config/nvim/init.lua:0
064.246  000.001  000.001: sourcing nvim_exec2() called at /home/nmd2k/.config/nvim/init.lua:0
064.253  000.001  000.001: sourcing nvim_exec2() called at /home/nmd2k/.config/nvim/init.lua:0
064.259  000.001  000.001: sourcing nvim_exec2() called at /home/nmd2k/.config/nvim/init.lua:0
064.264  000.002  000.002: sourcing nvim_exec2() called at /home/nmd2k/.config/nvim/init.lua:0
064.274  000.002  000.002: sourcing nvim_exec2() called at /home/nmd2k/.config/nvim/init.lua:0
064.279  000.002  000.002: sourcing nvim_exec2() called at /home/nmd2k/.config/nvim/init.lua:0
064.287  000.002  000.002: sourcing nvim_exec2() called at /home/nmd2k/.config/nvim/init.lua:0
064.292  000.002  000.002: sourcing nvim_exec2() called at /home/nmd2k/.config/nvim/init.lua:0
064.297  000.001  000.001: sourcing nvim_exec2() called at /home/nmd2k/.config/nvim/init.lua:0
064.306  000.002  000.002: sourcing nvim_exec2() called at /home/nmd2k/.config/nvim/init.lua:0
064.312  000.002  000.002: sourcing nvim_exec2() called at /home/nmd2k/.config/nvim/init.lua:0
064.320  000.002  000.002: sourcing nvim_exec2() called at /home/nmd2k/.config/nvim/init.lua:0
064.324  000.001  000.001: sourcing nvim_exec2() called at /home/nmd2k/.config/nvim/init.lua:0
064.331  000.002  000.002: sourcing nvim_exec2() called at /home/nmd2k/.config/nvim/init.lua:0
064.336  000.001  000.001: sourcing nvim_exec2() called at /home/nmd2k/.config/nvim/init.lua:0
064.341  000.001  000.001: sourcing nvim_exec2() called at /home/nmd2k/.config/nvim/init.lua:0
064.348  000.001  000.001: sourcing nvim_exec2() called at /home/nmd2k/.config/nvim/init.lua:0
064.355  000.002  000.002: sourcing nvim_exec2() called at /home/nmd2k/.config/nvim/init.lua:0
064.547  000.058  000.058: require('lualine.utils.mode')
065.165  000.007  000.007: sourcing nvim_exec2() called at /home/nmd2k/.config/nvim/init.lua:0
065.174  000.004  000.004: sourcing nvim_exec2() called at /home/nmd2k/.config/nvim/init.lua:0
065.346  000.004  000.004: sourcing nvim_exec2() called at /home/nmd2k/.config/nvim/init.lua:0
065.355  000.002  000.002: sourcing nvim_exec2() called at /home/nmd2k/.config/nvim/init.lua:0
065.363  000.002  000.002: sourcing nvim_exec2() called at /home/nmd2k/.config/nvim/init.lua:0
065.370  000.002  000.002: sourcing nvim_exec2() called at /home/nmd2k/.config/nvim/init.lua:0
065.415  000.002  000.002: sourcing nvim_exec2() called at /home/nmd2k/.config/nvim/init.lua:0
065.424  000.001  000.001: sourcing nvim_exec2() called at /home/nmd2k/.config/nvim/init.lua:0
065.431  000.002  000.002: sourcing nvim_exec2() called at /home/nmd2k/.config/nvim/init.lua:0
065.442  000.002  000.002: sourcing nvim_exec2() called at /home/nmd2k/.config/nvim/init.lua:0
065.447  000.001  000.001: sourcing nvim_exec2() called at /home/nmd2k/.config/nvim/init.lua:0
065.454  000.002  000.002: sourcing nvim_exec2() called at /home/nmd2k/.config/nvim/init.lua:0
065.459  000.001  000.001: sourcing nvim_exec2() called at /home/nmd2k/.config/nvim/init.lua:0
065.467  000.002  000.002: sourcing nvim_exec2() called at /home/nmd2k/.config/nvim/init.lua:0
065.480  000.002  000.002: sourcing nvim_exec2() called at /home/nmd2k/.config/nvim/init.lua:0
065.489  000.002  000.002: sourcing nvim_exec2() called at /home/nmd2k/.config/nvim/init.lua:0
065.497  000.001  000.001: sourcing nvim_exec2() called at /home/nmd2k/.config/nvim/init.lua:0
065.504  000.001  000.001: sourcing nvim_exec2() called at /home/nmd2k/.config/nvim/init.lua:0
065.510  000.001  000.001: sourcing nvim_exec2() called at /home/nmd2k/.config/nvim/init.lua:0
065.517  000.001  000.001: sourcing nvim_exec2() called at /home/nmd2k/.config/nvim/init.lua:0
065.522  000.001  000.001: sourcing nvim_exec2() called at /home/nmd2k/.config/nvim/init.lua:0
065.528  000.002  000.002: sourcing nvim_exec2() called at /home/nmd2k/.config/nvim/init.lua:0
065.546  000.002  000.002: sourcing nvim_exec2() called at /home/nmd2k/.config/nvim/init.lua:0
065.669  000.006  000.006: sourcing nvim_exec2() called at /home/nmd2k/.config/nvim/init.lua:0
065.675  000.002  000.002: sourcing nvim_exec2() called at /home/nmd2k/.config/nvim/init.lua:0
065.678  000.002  000.002: sourcing nvim_exec2() called at /home/nmd2k/.config/nvim/init.lua:0
065.683  000.003  000.003: sourcing nvim_exec2() called at /home/nmd2k/.config/nvim/init.lua:0
065.759  000.009  000.009: sourcing nvim_exec2() called at /home/nmd2k/.config/nvim/init.lua:0
065.790  000.005  000.005: sourcing nvim_exec2() called at /home/nmd2k/.config/nvim/init.lua:0
065.802  000.009  000.009: sourcing nvim_exec2() called at /home/nmd2k/.config/nvim/init.lua:0
065.814  000.006  000.006: sourcing nvim_exec2() called at /home/nmd2k/.config/nvim/init.lua:0
065.819  000.003  000.003: sourcing nvim_exec2() called at /home/nmd2k/.config/nvim/init.lua:0
065.830  006.447  004.684: require('plugins.ui')
065.831  062.317  000.125: sourcing /home/nmd2k/.config/nvim/init.lua
065.841  000.565: sourcing vimrc file(s)
066.380  000.018  000.018: sourcing /usr/share/nvim/site/ftdetect/ghostty.vim
066.433  000.271  000.253: sourcing nvim_exec2() called at /usr/share/nvim/runtime/filetype.lua:0
066.435  000.371  000.100: sourcing /usr/share/nvim/runtime/filetype.lua
066.702  000.049  000.049: sourcing /usr/share/nvim/runtime/syntax/synload.vim
066.759  000.241  000.192: sourcing /usr/share/nvim/runtime/syntax/syntax.vim
067.056  000.058  000.058: sourcing /home/nmd2k/.local/share/nvim/site/pack/core/opt/which-key.nvim/plugin/which-key.lua
067.222  000.078  000.078: sourcing /home/nmd2k/.local/share/nvim/site/pack/core/opt/rainbow-delimiters.nvim/plugin/rainbow-delimiters.lua
067.365  000.048  000.048: sourcing /home/nmd2k/.local/share/nvim/site/pack/core/opt/github-nvim-theme/plugin/github_theme.lua
067.496  000.019  000.019: sourcing /home/nmd2k/.local/share/nvim/site/pack/core/opt/nvim-web-devicons/plugin/nvim-web-devicons.vim
067.721  000.066  000.066: require('cmp.utils.highlight')
067.913  000.003  000.003: sourcing nvim_exec2() called at /home/nmd2k/.local/share/nvim/site/pack/core/opt/nvim-cmp/plugin/cmp.lua:0
067.916  000.314  000.245: sourcing /home/nmd2k/.local/share/nvim/site/pack/core/opt/nvim-cmp/plugin/cmp.lua
068.066  000.016  000.016: sourcing /home/nmd2k/.local/share/nvim/site/pack/core/opt/LuaSnip/plugin/luasnip.vim
070.015  001.861  001.861: require('vim.filetype')
070.204  002.111  000.250: sourcing /home/nmd2k/.local/share/nvim/site/pack/core/opt/LuaSnip/plugin/luasnip.lua
070.345  000.050  000.050: sourcing /home/nmd2k/.local/share/nvim/site/pack/core/opt/conform.nvim/plugin/conform.lua
070.459  000.020  000.020: sourcing /home/nmd2k/.local/share/nvim/site/pack/core/opt/plenary/plugin/plenary.vim
070.730  000.188  000.188: sourcing /home/nmd2k/.local/share/nvim/site/pack/core/opt/telescope/plugin/telescope.lua
070.884  000.058  000.058: sourcing /home/nmd2k/.local/share/nvim/site/pack/core/opt/mason-tool-installer.nvim/plugin/mason-tool-installer.lua
071.049  000.072  000.072: sourcing /home/nmd2k/.local/share/nvim/site/pack/core/opt/nvim-lspconfig/plugin/lspconfig.lua
071.420  000.294  000.294: sourcing /usr/share/nvim/site/plugin/fzf.vim
071.767  000.104  000.104: sourcing /usr/share/nvim/runtime/plugin/gzip.vim
072.590  000.104  000.104: sourcing /usr/share/nvim/runtime/pack/dist/opt/matchit/plugin/matchit.vim
072.632  000.848  000.744: sourcing /usr/share/nvim/runtime/plugin/matchit.vim
072.721  000.074  000.074: sourcing /usr/share/nvim/runtime/plugin/matchparen.vim
073.571  000.147  000.147: sourcing /usr/share/nvim/runtime/pack/dist/opt/netrw/plugin/netrwPlugin.vim
073.614  000.877  000.730: sourcing /usr/share/nvim/runtime/plugin/netrwPlugin.vim
073.727  000.090  000.090: sourcing /usr/share/nvim/runtime/plugin/rplugin.vim
073.814  000.057  000.057: sourcing /usr/share/nvim/runtime/plugin/tarPlugin.vim
073.854  000.013  000.013: sourcing /usr/share/nvim/runtime/plugin/tutor.vim
073.956  000.083  000.083: sourcing /usr/share/nvim/runtime/plugin/zipPlugin.vim
074.053  000.074  000.074: sourcing /usr/share/nvim/runtime/plugin/editorconfig.lua
074.132  000.054  000.054: sourcing /usr/share/nvim/runtime/plugin/man.lua
074.223  000.070  000.070: sourcing /usr/share/nvim/runtime/plugin/net.lua
074.304  000.060  000.060: sourcing /usr/share/nvim/runtime/plugin/osc52.lua
074.405  000.079  000.079: sourcing /usr/share/nvim/runtime/plugin/shada.lua
074.503  000.070  000.070: sourcing /usr/share/nvim/runtime/plugin/spellfile.lua
074.518  002.187: loading rtp plugins
074.641  000.123: loading packages
074.798  000.074  000.074: sourcing /home/nmd2k/.local/share/nvim/site/pack/core/opt/indent-blankline.nvim/after/plugin/commands.lua
075.057  000.130  000.130: require('cmp_cmdline')
075.089  000.201  000.071: sourcing /home/nmd2k/.local/share/nvim/site/pack/core/opt/cmp-cmdline/after/plugin/cmp_cmdline.lua
075.324  000.106  000.106: require('cmp_path')
075.342  000.164  000.058: sourcing /home/nmd2k/.local/share/nvim/site/pack/core/opt/cmp-path/after/plugin/cmp_path.lua
075.735  000.091  000.091: require('cmp_buffer.timer')
075.741  000.168  000.077: require('cmp_buffer.buffer')
075.748  000.231  000.063: require('cmp_buffer.source')
075.750  000.286  000.055: require('cmp_buffer')
075.775  000.346  000.061: sourcing /home/nmd2k/.local/share/nvim/site/pack/core/opt/cmp-buffer/after/plugin/cmp_buffer.lua
075.950  000.061  000.061: sourcing /home/nmd2k/.local/share/nvim/site/pack/core/opt/cmp-nvim-lsp/after/plugin/cmp_nvim_lsp.lua
076.207  000.092  000.092: require('cmp_luasnip')
076.239  000.187  000.094: sourcing /home/nmd2k/.local/share/nvim/site/pack/core/opt/cmp_luasnip/after/plugin/cmp_luasnip.lua
076.252  000.578: loading after plugins
076.260  000.008: inits 3
078.317  002.057: reading ShaDa
078.761  000.178  000.178: require('luasnip.loaders.from_lua')
078.922  000.151  000.151: require('luasnip.loaders.from_snipmate')
079.000  000.353: opening buffers
079.134  000.134: BufEnter autocommands
079.136  000.003: editing files in windows
079.141  000.005: --- NVIM STARTED ---

--- Startup times for process: Primary (or UI client) ---

times in msec
 clock   self+sourced   self:  sourced script
 clock   elapsed:              other lines

000.000  000.000: --- NVIM STARTING ---
000.157  000.156: event init
000.234  000.077: early init
000.300  000.066: locale set
000.342  000.041: init first window
000.660  000.319: inits 1
000.671  000.010: window checked
000.674  000.003: parsing arguments
001.234  000.042  000.042: require('vim._core.shared')
001.309  000.003  000.003: require('string.buffer')
001.333  000.044  000.041: require('vim.inspect')
001.386  000.039  000.039: require('vim._core.options')
001.388  000.151  000.068: require('vim._core.editor')
001.415  000.026  000.026: require('vim._core.system')
001.416  000.244  000.025: require('vim._init_packages')
001.417  000.499: init lua interpreter
002.543  001.126: nvim_ui_attach
002.828  000.285: nvim_set_client_info
002.830  000.001: --- NVIM STARTED ---

--- Startup times for process: Embedded ---

times in msec
 clock   self+sourced   self:  sourced script
 clock   elapsed:              other lines

000.000  000.000: --- NVIM STARTING ---
000.151  000.150: event init
000.220  000.070: early init
000.273  000.053: locale set
000.315  000.042: init first window
000.628  000.313: inits 1
000.639  000.011: window checked
000.641  000.002: parsing arguments
001.093  000.058  000.058: require('vim._core.shared')
001.162  000.002  000.002: require('string.buffer')
001.185  000.043  000.040: require('vim.inspect')
001.237  000.039  000.039: require('vim._core.options')
001.239  000.144  000.062: require('vim._core.editor')
001.268  000.029  000.029: require('vim._core.system')
001.269  000.250  000.021: require('vim._init_packages')
001.273  000.381: init lua interpreter
001.353  000.080: expanding arguments
001.375  000.022: inits 2
001.596  000.221: init highlight
001.596  000.001: waiting for UI
001.712  000.115: done waiting for UI
001.716  000.004: clear screen
001.845  000.009  000.009: require('vim.keymap')
002.515  000.122  000.122: sourcing nvim_exec2()
002.541  000.005  000.005: require('vim._core.log')
002.945  001.228  001.091: require('vim._core.defaults')
002.948  000.004: init default mappings & autocommands
003.364  000.039  000.039: sourcing /usr/share/nvim/runtime/ftplugin.vim
003.418  000.019  000.019: sourcing /usr/share/nvim/runtime/indent.vim
003.474  000.021  000.021: sourcing $VIM/sysinit.vim
003.611  000.038  000.038: require('vim.fs')
003.714  000.099  000.099: require('vim.uri')
003.728  000.190  000.052: require('vim.loader')
003.763  000.023  000.023: require('vim._core.ui2')
004.097  000.327  000.327: require('vim._core.ui2.cmdline')
004.227  000.127  000.127: require('vim._core.ui2.messages')
004.647  000.050  000.050: require('vim._async')
004.658  000.218  000.168: require('vim.pack')
004.721  000.004  000.004: require('vim.F')
007.323  003.070  002.849: require('pack')
007.399  000.074  000.074: require('utils.commands')
007.705  000.304  000.304: require('settings.options')
008.406  000.541  000.541: require('vim.diagnostic')
008.465  000.756  000.216: require('settings.keymaps')
008.943  000.425  000.425: require('catppuccin')
009.500  000.093  000.093: require('catppuccin.lib.hashing')
010.614  000.875  000.875: sourcing /home/nmd2k/.local/share/nvim/site/pack/core/opt/nvim/colors/catppuccin-macchiato.lua
010.621  002.154  000.762: require('plugins.theme')
011.038  007.537  000.512: sourcing /home/nmd2k/.config/nvim/init.lua
011.049  000.486: sourcing vimrc file(s)
011.357  000.017  000.017: sourcing /usr/share/nvim/site/ftdetect/ghostty.vim
011.382  000.155  000.138: sourcing nvim_exec2() called at /usr/share/nvim/runtime/filetype.lua:0
011.384  000.229  000.075: sourcing /usr/share/nvim/runtime/filetype.lua
011.543  000.042  000.042: sourcing /usr/share/nvim/runtime/syntax/synload.vim
011.609  000.183  000.141: sourcing /usr/share/nvim/runtime/syntax/syntax.vim
012.441  000.138  000.138: require('vim.treesitter.language')
012.546  000.102  000.102: require('vim.func')
012.614  000.058  000.058: require('vim.treesitter._range')
012.688  000.070  000.070: require('vim.func._memoize')
012.722  000.619  000.251: require('vim.treesitter.query')
012.775  000.793  000.174: require('vim.treesitter.languagetree')
012.785  000.872  000.080: require('vim.treesitter')
012.806  000.958  000.086: sourcing /home/nmd2k/.local/share/nvim/site/pack/core/opt/rainbow-delimiters.nvim/plugin/rainbow-delimiters.lua
012.939  000.022  000.022: sourcing /home/nmd2k/.local/share/nvim/site/pack/core/opt/nvim-web-devicons/plugin/nvim-web-devicons.vim
013.058  000.023  000.023: sourcing /home/nmd2k/.local/share/nvim/site/pack/core/opt/plenary/plugin/plenary.vim
013.402  000.272  000.272: sourcing /home/nmd2k/.local/share/nvim/site/pack/core/opt/telescope/plugin/telescope.lua
013.824  000.334  000.334: sourcing /usr/share/nvim/site/plugin/fzf.vim
014.178  000.113  000.113: sourcing /usr/share/nvim/runtime/plugin/gzip.vim
014.728  000.099  000.099: sourcing /usr/share/nvim/runtime/pack/dist/opt/matchit/plugin/matchit.vim
014.769  000.572  000.474: sourcing /usr/share/nvim/runtime/plugin/matchit.vim
014.861  000.075  000.075: sourcing /usr/share/nvim/runtime/plugin/matchparen.vim
015.440  000.130  000.130: sourcing /usr/share/nvim/runtime/pack/dist/opt/netrw/plugin/netrwPlugin.vim
015.482  000.604  000.474: sourcing /usr/share/nvim/runtime/plugin/netrwPlugin.vim
015.596  000.094  000.094: sourcing /usr/share/nvim/runtime/plugin/rplugin.vim
015.679  000.059  000.059: sourcing /usr/share/nvim/runtime/plugin/tarPlugin.vim
015.716  000.012  000.012: sourcing /usr/share/nvim/runtime/plugin/tutor.vim
015.854  000.120  000.120: sourcing /usr/share/nvim/runtime/plugin/zipPlugin.vim
015.931  000.053  000.053: sourcing /usr/share/nvim/runtime/plugin/editorconfig.lua
015.991  000.037  000.037: sourcing /usr/share/nvim/runtime/plugin/man.lua
016.072  000.059  000.059: sourcing /usr/share/nvim/runtime/plugin/net.lua
016.142  000.050  000.050: sourcing /usr/share/nvim/runtime/plugin/osc52.lua
016.215  000.051  000.051: sourcing /usr/share/nvim/runtime/plugin/shada.lua
016.270  000.029  000.029: sourcing /usr/share/nvim/runtime/plugin/spellfile.lua
016.282  001.282: loading rtp plugins
016.401  000.119: loading packages
016.683  000.047  000.047: require('ibl.utils')
016.689  000.100  000.053: require('ibl.config')
016.805  000.031  000.031: require('ibl.indent')
016.809  000.119  000.088: require('ibl.hooks')
016.811  000.254  000.036: require('ibl.highlights')
016.840  000.028  000.028: require('ibl.autocmds')
016.896  000.055  000.055: require('ibl.inlay_hints')
016.945  000.048  000.048: require('ibl.virt_text')
017.117  000.102  000.102: require('ibl.scope_languages')
017.119  000.173  000.070: require('ibl.scope')
017.124  000.617  000.059: require('ibl')
017.136  000.660  000.043: sourcing /home/nmd2k/.local/share/nvim/site/pack/core/opt/indent-blankline.nvim/after/plugin/commands.lua
017.149  000.088: loading after plugins
017.155  000.006: inits 3
018.941  001.786: reading ShaDa
019.021  000.080: opening buffers
019.038  000.017: BufEnter autocommands
019.039  000.001: editing files in windows
019.048  000.008: --- NVIM STARTED ---

--- Startup times for process: Primary (or UI client) ---

times in msec
 clock   self+sourced   self:  sourced script
 clock   elapsed:              other lines

000.000  000.000: --- NVIM STARTING ---
000.162  000.162: event init
000.238  000.076: early init
000.299  000.060: locale set
000.339  000.040: init first window
000.665  000.326: inits 1
000.675  000.010: window checked
000.677  000.003: parsing arguments
001.137  000.041  000.041: require('vim._core.shared')
001.209  000.003  000.003: require('string.buffer')
001.232  000.042  000.040: require('vim.inspect')
001.283  000.038  000.038: require('vim._core.options')
001.284  000.144  000.064: require('vim._core.editor')
001.312  000.027  000.027: require('vim._core.system')
001.313  000.238  000.025: require('vim._init_packages')
001.317  000.402: init lua interpreter
002.354  001.037: nvim_ui_attach
002.649  000.295: nvim_set_client_info
002.651  000.002: --- NVIM STARTED ---

--- Startup times for process: Embedded ---

times in msec
 clock   self+sourced   self:  sourced script
 clock   elapsed:              other lines

000.000  000.000: --- NVIM STARTING ---
000.145  000.145: event init
000.216  000.071: early init
000.272  000.055: locale set
000.316  000.044: init first window
000.626  000.311: inits 1
000.637  000.011: window checked
000.640  000.003: parsing arguments
001.085  000.045  000.045: require('vim._core.shared')
001.155  000.003  000.003: require('string.buffer')
001.180  000.045  000.042: require('vim.inspect')
001.233  000.039  000.039: require('vim._core.options')
001.234  000.146  000.062: require('vim._core.editor')
001.263  000.028  000.028: require('vim._core.system')
001.264  000.241  000.022: require('vim._init_packages')
001.266  000.384: init lua interpreter
001.374  000.109: expanding arguments
001.402  000.028: inits 2
001.613  000.211: init highlight
001.614  000.001: waiting for UI
001.719  000.105: done waiting for UI
001.723  000.004: clear screen
001.865  000.013  000.013: require('vim.keymap')
002.506  000.114  000.114: sourcing nvim_exec2()
002.532  000.005  000.005: require('vim._core.log')
002.875  001.147  001.015: require('vim._core.defaults')
002.878  000.009: init default mappings & autocommands
003.363  000.053  000.053: sourcing /usr/share/nvim/runtime/ftplugin.vim
003.420  000.020  000.020: sourcing /usr/share/nvim/runtime/indent.vim
003.474  000.018  000.018: sourcing $VIM/sysinit.vim
003.664  000.095  000.095: require('vim.fs')
003.764  000.097  000.097: require('vim.uri')
003.776  000.236  000.043: require('vim.loader')
003.806  000.019  000.019: require('vim._core.ui2')
004.082  000.268  000.268: require('vim._core.ui2.cmdline')
004.213  000.128  000.128: require('vim._core.ui2.messages')
004.515  000.052  000.052: require('vim._async')
004.526  000.213  000.161: require('vim.pack')
004.595  000.005  000.005: require('vim.F')
011.228  006.984  006.766: require('pack')
011.297  000.066  000.066: require('utils.commands')
011.514  000.215  000.215: require('settings.options')
012.014  000.381  000.381: require('vim.diagnostic')
012.074  000.557  000.176: require('settings.keymaps')
012.669  000.530  000.530: require('catppuccin')
013.336  000.171  000.171: require('catppuccin.lib.hashing')
014.581  000.954  000.954: sourcing /home/nmd2k/.local/share/nvim/site/pack/core/opt/nvim/colors/catppuccin-macchiato.lua
014.589  002.513  000.858: require('plugins.theme')
015.430  000.048  000.048: require('mason-core.path')
015.715  000.088  000.088: require('mason-core.functional.data')
015.814  000.095  000.095: require('mason-core.functional.function')
015.895  000.074  000.074: require('mason-core.functional.list')
015.948  000.044  000.044: require('mason-core.functional.relation')
015.998  000.047  000.047: require('mason-core.functional.logic')
016.045  000.044  000.044: require('mason-core.functional.number')
016.098  000.047  000.047: require('mason-core.functional.string')
016.149  000.048  000.048: require('mason-core.functional.table')
016.190  000.036  000.036: require('mason-core.functional.type')
016.193  000.691  000.169: require('mason-core.functional')
016.235  000.803  000.112: require('mason-core.platform')
016.348  000.111  000.111: require('mason.settings')
016.354  001.063  000.101: require('mason-core.installer.InstallLocation')
016.754  000.151  000.151: require('mason-core.log')
016.757  000.293  000.142: require('mason-core.EventEmitter')
016.812  000.054  000.054: require('mason-registry.sources')
016.863  000.508  000.161: require('mason-registry')
016.867  002.156  000.585: require('mason')
016.949  000.067  000.067: require('mason.api.command')
017.028  000.029  000.029: require('mason.version')
017.034  000.080  000.052: require('mason-tool-installer')
017.127  000.028  000.028: require('mason-lspconfig.settings')
017.130  000.086  000.058: require('mason-lspconfig')
017.288  000.042  000.042: require('mason-core.async')
017.360  000.028  000.028: require('mason-core.async.uv')
017.366  000.076  000.048: require('mason-core.fs')
017.458  000.031  000.031: require('mason-core.result')
017.583  000.064  000.064: require('mason-core.process')
017.620  000.036  000.036: require('mason-core.spawn')
017.622  000.132  000.032: require('mason-core.installer.managers.powershell')
017.624  000.165  000.033: require('mason-core.fetch')
017.652  000.027  000.027: require('mason-core.providers')
017.704  000.027  000.027: require('mason-core.optional')
017.816  000.049  000.049: require('mason-core.purl')
017.850  000.031  000.031: require('mason-core.async.control')
017.854  000.116  000.036: require('mason-core.package.AbstractPackage')
018.058  000.048  000.048: require('mason-core.installer.compiler.expr')
018.066  000.124  000.076: require('mason-core.installer.compiler.link')
018.309  000.054  000.054: require('mason-core.installer.context.InstallContextCwd')
018.369  000.058  000.058: require('mason-core.installer.context.InstallContextFs')
018.465  000.095  000.095: require('mason-core.installer.context.InstallContextSpawn')
018.530  000.063  000.063: require('mason-core.receipt')
018.546  000.348  000.079: require('mason-core.installer.context')
018.547  000.387  000.039: require('mason-core.installer')
018.565  000.459  000.072: require('mason-core.installer.managers.std')
018.567  000.500  000.041: require('mason-core.installer.compiler.schemas')
018.615  000.047  000.047: require('mason-core.installer.compiler.util')
018.626  000.739  000.067: require('mason-core.installer.compiler')
018.689  000.062  000.062: require('mason-core.installer.linker')
018.695  000.840  000.039: require('mason-core.installer.InstallRunner')
018.746  000.050  000.050: require('mason-core.installer.UninstallRunner')
018.754  001.049  000.043: require('mason-core.package')
018.755  001.103  000.027: require('mason-registry.sources.util')
018.768  001.376  000.051: require('mason-registry.sources.github')
018.864  000.056  000.056: require('mason-registry.sources.synthesized')
021.775  000.046  000.046: require('mason-lspconfig.mappings')
021.784  000.111  000.065: require('mason-lspconfig.features.automatic_enable')
026.391  000.415  000.415: require('vim.lsp.protocol')
026.415  000.493  000.078: require('vim.lsp.log')
026.631  000.213  000.213: require('vim.lsp.util')
026.786  000.064  000.064: require('vim.lsp.sync')
026.792  000.158  000.095: require('vim.lsp._changetracking')
026.943  000.076  000.076: require('vim.lsp._transport')
026.951  000.007  000.007: require('vim._core.stringbuffer')
026.986  000.192  000.110: require('vim.lsp.rpc')
027.053  001.252  000.195: require('vim.lsp')
029.466  000.042  000.042: require('mason-lspconfig.notify')
029.485  000.119  000.077: require('mason-lspconfig.api.command')
029.595  000.109  000.109: require('conform')
030.535  000.056  000.056: require('cmp_nvim_lsp.source')
030.539  000.115  000.059: require('cmp_nvim_lsp')
030.725  000.123  000.123: require('vim.lsp.inlay_hint')
030.733  016.142  010.374: require('plugins.lsp')
030.822  000.037  000.037: require('utils.ui')
031.295  000.162  000.162: require('cmp.utils.debug')
031.511  000.110  000.110: require('cmp.utils.char')
031.518  000.222  000.111: require('cmp.utils.str')
031.722  000.046  000.046: require('cmp.utils.misc')
031.750  000.026  000.026: require('cmp.utils.buffer')
031.782  000.031  000.031: require('cmp.utils.api')
031.788  000.217  000.113: require('cmp.utils.keymap')
031.790  000.270  000.053: require('cmp.utils.feedkeys')
031.944  000.026  000.026: require('cmp.types.cmp')
032.005  000.059  000.059: require('cmp.types.lsp')
032.043  000.035  000.035: require('cmp.types.vim')
032.044  000.155  000.034: require('cmp.types')
032.047  000.190  000.035: require('cmp.config.mapping')
032.082  000.034  000.034: require('cmp.utils.cache')
032.157  000.037  000.037: require('cmp.config.compare')
032.200  000.041  000.041: require('cmp.config.window')
032.202  000.118  000.040: require('cmp.config.default')
032.213  000.386  000.044: require('cmp.config')
032.220  000.429  000.043: require('cmp.utils.async')
032.277  000.025  000.025: require('cmp.utils.pattern')
032.312  000.091  000.066: require('cmp.context')
032.452  000.052  000.052: require('cmp.utils.snippet')
032.483  000.029  000.029: require('cmp.matcher')
032.537  000.176  000.095: require('cmp.entry')
032.542  000.228  000.052: require('cmp.source')
032.602  000.026  000.026: require('cmp.utils.event')
032.685  000.022  000.022: require('cmp.utils.options')
032.688  000.056  000.034: require('cmp.utils.window')
032.690  000.086  000.029: require('cmp.view.docs_view')
032.754  000.027  000.027: require('cmp.utils.autocmd')
032.759  000.068  000.041: require('cmp.view.custom_entries_view')
032.794  000.035  000.035: require('cmp.view.wildmenu_entries_view')
032.825  000.030  000.030: require('cmp.view.native_entries_view')
032.869  000.043  000.043: require('cmp.view.ghost_text_view')
032.874  000.332  000.045: require('cmp.view')
033.034  002.139  000.404: require('cmp.core')
033.159  000.036  000.036: require('cmp.config.sources')
033.187  002.364  000.189: require('cmp')
033.450  000.032  000.032: require('luasnip.util.types')
033.481  000.029  000.029: require('luasnip.util.lazy_table')
033.543  000.061  000.061: require('luasnip.extras.filetype_functions')
033.553  000.194  000.071: require('luasnip.default_config')
033.555  000.242  000.049: require('luasnip.session')
033.636  000.047  000.047: require('vim.version')
034.573  001.016  000.970: require('luasnip.util.vimversion')
034.579  001.323  000.064: require('luasnip.util.util')
034.701  000.046  000.046: require('luasnip.util.str')
034.735  000.032  000.032: require('luasnip.util.table')
034.774  000.038  000.038: require('luasnip.util.ext_opts')
034.809  000.034  000.034: require('luasnip.nodes.key_indexer')
034.850  000.039  000.039: require('luasnip.util.feedkeys')
034.910  000.059  000.059: require('luasnip.nodes.util.snippet_string')
034.916  000.335  000.088: require('luasnip.nodes.util')
035.002  000.035  000.035: require('luasnip.session.snippet_collection.source')
035.041  000.038  000.038: require('luasnip.util.auto_table')
035.047  000.130  000.058: require('luasnip.session.snippet_collection')
035.168  000.040  000.040: require('luasnip.util.select')
035.197  000.028  000.028: require('luasnip.util.time')
035.462  000.376  000.309: require('luasnip.util._builtin_vars')
035.489  000.441  000.064: require('luasnip.util.environ')
035.533  000.043  000.043: require('luasnip.util.extend_decorator')
035.648  000.067  000.067: require('luasnip.util.path')
035.770  000.070  000.070: require('luasnip.util.log')
035.775  000.126  000.055: require('luasnip.loaders.util')
035.813  000.036  000.036: require('luasnip.loaders.data')
035.890  000.077  000.077: require('luasnip.loaders.fs_watchers')
035.893  000.358  000.053: require('luasnip.loaders')
035.955  000.045  000.045: require('luasnip.config')
035.958  002.769  000.094: require('luasnip')
036.073  000.047  000.047: require('luasnip.session.enqueueable_operations')
036.303  000.035  000.035: require('luasnip.util.events')
036.345  000.040  000.040: require('luasnip.nodes.optional_arg')
036.356  000.147  000.072: require('luasnip.nodes.node')
036.440  000.082  000.082: require('luasnip.nodes.insertNode')
036.484  000.042  000.042: require('luasnip.nodes.textNode')
036.531  000.044  000.044: require('luasnip.util.mark')
036.571  000.039  000.039: require('luasnip.util.pattern_tokenizer')
036.603  000.031  000.031: require('luasnip.util.dict')
036.851  000.213  000.213: require('luasnip.util.jsregexp')
036.854  000.249  000.036: require('luasnip.nodes.util.trig_engines')
036.901  000.787  000.152: require('luasnip.nodes.snippet')
037.049  000.044  000.044: require('luasnip.util.parser.neovim_ast')
037.193  000.141  000.141: require('luasnip.util.jsregexp')
037.270  000.075  000.075: require('luasnip.util.directed_graph')
037.274  000.318  000.058: require('luasnip.util.parser.ast_utils')
037.336  000.060  000.060: require('luasnip.nodes.functionNode')
037.408  000.071  000.071: require('luasnip.nodes.choiceNode')
037.499  000.089  000.089: require('luasnip.nodes.dynamicNode')
037.539  000.038  000.038: require('luasnip.util.functions')
037.542  000.640  000.063: require('luasnip.util.parser.ast_parser')
037.630  000.086  000.086: require('luasnip.util.parser.neovim_parser')
037.633  001.558  000.045: require('luasnip.util.parser')
037.674  000.040  000.040: require('luasnip.nodes.snippetProxy')
037.809  000.133  000.133: require('luasnip.util.jsonc')
037.902  000.046  000.046: require('luasnip.nodes.duplicate')
037.905  000.093  000.048: require('luasnip.loaders.snippet_cache')
037.913  001.954  000.084: require('luasnip.loaders.from_vscode')
042.016  000.068  000.068: require('luasnip.nodes.multiSnippet')
043.377  000.067  000.067: require('nvim-autopairs._log')
043.448  000.067  000.067: require('nvim-autopairs.utils')
043.453  000.276  000.141: require('nvim-autopairs.conds')
043.458  000.345  000.069: require('nvim-autopairs.rule')
043.461  000.426  000.081: require('nvim-autopairs.rules.basic')
043.470  000.543  000.117: require('nvim-autopairs')
044.208  000.078  000.078: require('vim.treesitter.language')
044.252  000.041  000.041: require('vim.func')
044.309  000.056  000.056: require('vim.treesitter._range')
044.374  000.058  000.058: require('vim.func._memoize')
044.401  000.391  000.158: require('vim.treesitter.query')
044.419  000.526  000.136: require('vim.treesitter.languagetree')
044.424  000.608  000.082: require('vim.treesitter')
044.428  000.676  000.067: require('nvim-autopairs.ts-conds')
044.430  000.731  000.056: require('nvim-autopairs.rules.ts_basic')
044.533  000.102  000.102: require('vim.treesitter.highlighter')
044.969  000.052  000.052: require('nvim-autopairs.completion.handlers')
044.975  000.122  000.070: require('nvim-autopairs.completion.cmp')
045.460  014.726  006.034: require('plugins.cmp')
045.689  000.100  000.100: require('telescope._extensions')
045.695  000.177  000.077: require('telescope')
045.889  000.192  000.192: require('telescope.builtin')
047.826  000.270  000.270: require('plenary.bit')
047.911  000.082  000.082: require('plenary.functional')
047.973  000.040  000.040: require('ffi')
047.988  000.745  000.353: require('plenary.path')
047.998  001.417  000.672: require('plenary.strings')
048.204  000.107  000.107: require('plenary.log')
048.270  000.213  000.106: require('telescope.log')
048.432  000.029  000.029: require('plenary.compat')
048.439  000.083  000.054: require('plenary.job')
048.481  000.041  000.041: require('telescope.state')
048.490  000.218  000.094: require('telescope.utils')
048.494  000.496  000.065: require('telescope.sorters')
049.513  003.619  001.706: require('telescope.config')
050.197  000.106  000.106: require('fzf_lib')
050.202  000.161  000.055: require('telescope._extensions.fzf')
050.436  000.041  000.041: require('telescope.actions.state')
050.443  000.093  000.052: require('telescope._extensions.file_browser.utils')
050.517  000.073  000.073: require('telescope._extensions.file_browser.lsp')
050.683  000.033  000.033: require('plenary.window.border')
050.725  000.040  000.040: require('plenary.window')
050.752  000.025  000.025: require('plenary.popup.utils')
050.754  000.144  000.045: require('plenary.popup')
050.809  000.054  000.054: require('telescope.pickers.scroller')
050.861  000.050  000.050: require('telescope.actions.utils')
050.980  000.063  000.063: require('telescope.actions.mt')
050.990  000.127  000.064: require('telescope.actions.set')
051.073  000.041  000.041: require('telescope.config.resolve')
051.075  000.084  000.042: require('telescope.pickers.entry_display')
051.113  000.037  000.037: require('telescope.from_entry')
051.210  000.691  000.195: require('telescope.actions')
052.461  001.249  001.249: require('plenary.scandir')
052.622  000.024  000.024: require('plenary.tbl')
052.625  000.052  000.028: require('plenary.vararg.rotate')
052.626  000.082  000.030: require('plenary.vararg')
052.661  000.034  000.034: require('plenary.errors')
052.664  000.151  000.035: require('plenary.async.async')
052.772  000.025  000.025: require('plenary.async.structs')
052.776  000.057  000.032: require('plenary.async.control')
052.780  000.089  000.032: require('plenary.async.util')
052.815  000.150  000.061: require('plenary.async.tests')
052.816  000.352  000.051: require('plenary.async')
052.840  002.567  000.109: require('telescope._extensions.file_browser.actions')
052.974  000.038  000.038: require('telescope._extensions.file_browser.git')
053.008  000.033  000.033: require('telescope._extensions.file_browser.make_entry_utils')
053.052  000.043  000.043: require('telescope._extensions.file_browser.fs_stat')
053.055  000.162  000.049: require('telescope._extensions.file_browser.make_entry')
053.165  000.025  000.025: require('plenary.class')
053.207  000.111  000.086: require('telescope.async_job')
053.303  000.095  000.095: require('telescope.make_entry')
053.305  000.249  000.044: require('telescope.finders.async_oneshot_finder')
053.400  000.039  000.039: require('telescope.finders.async_static_finder')
053.466  000.064  000.064: require('telescope.finders.async_job_finder')
053.470  000.164  000.061: require('telescope.finders')
053.472  000.631  000.056: require('telescope._extensions.file_browser.finders')
053.654  000.042  000.042: require('telescope.debounce')
053.716  000.060  000.060: require('telescope.mappings')
053.786  000.029  000.029: require('vim.hl')
053.790  000.072  000.043: require('telescope.pickers.highlights')
053.829  000.038  000.038: require('telescope.pickers.window')
053.867  000.037  000.037: require('telescope.pickers.layout')
053.942  000.037  000.037: require('telescope.algos.linked_list')
053.944  000.077  000.040: require('telescope.entry_manager')
053.980  000.035  000.035: require('telescope.pickers.multi')
053.989  000.460  000.099: require('telescope.pickers')
053.991  000.518  000.058: require('telescope._extensions.file_browser.picker')
054.030  000.039  000.039: require('telescope._extensions.file_browser.config')
054.032  003.809  000.055: require('telescope._extensions.file_browser')
054.165  008.702  000.745: require('plugins.telescope')
054.348  000.050  000.050: require('ibl.utils')
054.353  000.086  000.037: require('ibl.config')
054.411  000.025  000.025: require('ibl.indent')
054.415  000.061  000.035: require('ibl.hooks')
054.416  000.176  000.029: require('ibl.highlights')
054.442  000.025  000.025: require('ibl.autocmds')
054.471  000.028  000.028: require('ibl.inlay_hints')
054.498  000.025  000.025: require('ibl.virt_text')
054.627  000.104  000.104: require('ibl.scope_languages')
054.629  000.131  000.027: require('ibl.scope')
054.635  000.432  000.046: require('ibl')
054.788  000.076  000.076: require('vim.iter')
054.993  000.107  000.107: require('vim.lsp.completion')
055.035  000.233  000.127: require('vim.lsp.handlers')
055.182  000.043  000.043: require('rainbow-delimiters.setup')
055.290  000.103  000.103: require('mini.notify')
055.461  000.042  000.042: require('lualine_require')
055.679  000.348  000.306: require('lualine')
055.886  000.027  000.027: sourcing nvim_exec2() called at /home/nmd2k/.config/nvim/init.lua:0
056.516  000.046  000.046: require('catppuccin.utils.lualine')
056.564  000.045  000.045: require('catppuccin.palettes')
056.602  000.036  000.036: require('catppuccin.palettes.macchiato')
057.176  000.007  000.007: sourcing nvim_exec2() called at /home/nmd2k/.config/nvim/init.lua:0
057.188  000.003  000.003: sourcing nvim_exec2() called at /home/nmd2k/.config/nvim/init.lua:0
057.210  000.003  000.003: sourcing nvim_exec2() called at /home/nmd2k/.config/nvim/init.lua:0
057.216  000.002  000.002: sourcing nvim_exec2() called at /home/nmd2k/.config/nvim/init.lua:0
057.221  000.002  000.002: sourcing nvim_exec2() called at /home/nmd2k/.config/nvim/init.lua:0
057.229  000.002  000.002: sourcing nvim_exec2() called at /home/nmd2k/.config/nvim/init.lua:0
057.234  000.002  000.002: sourcing nvim_exec2() called at /home/nmd2k/.config/nvim/init.lua:0
057.245  000.008  000.008: sourcing nvim_exec2() called at /home/nmd2k/.config/nvim/init.lua:0
057.254  000.003  000.003: sourcing nvim_exec2() called at /home/nmd2k/.config/nvim/init.lua:0
057.269  000.003  000.003: sourcing nvim_exec2() called at /home/nmd2k/.config/nvim/init.lua:0
057.276  000.002  000.002: sourcing nvim_exec2() called at /home/nmd2k/.config/nvim/init.lua:0
057.286  000.002  000.002: sourcing nvim_exec2() called at /home/nmd2k/.config/nvim/init.lua:0
057.293  000.002  000.002: sourcing nvim_exec2() called at /home/nmd2k/.config/nvim/init.lua:0
057.299  000.002  000.002: sourcing nvim_exec2() called at /home/nmd2k/.config/nvim/init.lua:0
057.308  000.002  000.002: sourcing nvim_exec2() called at /home/nmd2k/.config/nvim/init.lua:0
057.315  000.002  000.002: sourcing nvim_exec2() called at /home/nmd2k/.config/nvim/init.lua:0
057.329  000.010  000.010: sourcing nvim_exec2() called at /home/nmd2k/.config/nvim/init.lua:0
057.344  000.008  000.008: sourcing nvim_exec2() called at /home/nmd2k/.config/nvim/init.lua:0
057.917  000.007  000.007: sourcing nvim_exec2() called at /home/nmd2k/.config/nvim/init.lua:0
057.924  000.003  000.003: sourcing nvim_exec2() called at /home/nmd2k/.config/nvim/init.lua:0
058.050  000.004  000.004: sourcing nvim_exec2() called at /home/nmd2k/.config/nvim/init.lua:0
058.057  000.002  000.002: sourcing nvim_exec2() called at /home/nmd2k/.config/nvim/init.lua:0
058.063  000.002  000.002: sourcing nvim_exec2() called at /home/nmd2k/.config/nvim/init.lua:0
058.070  000.002  000.002: sourcing nvim_exec2() called at /home/nmd2k/.config/nvim/init.lua:0
058.074  000.001  000.001: sourcing nvim_exec2() called at /home/nmd2k/.config/nvim/init.lua:0
058.081  000.002  000.002: sourcing nvim_exec2() called at /home/nmd2k/.config/nvim/init.lua:0
058.087  000.003  000.003: sourcing nvim_exec2() called at /home/nmd2k/.config/nvim/init.lua:0
058.095  000.002  000.002: sourcing nvim_exec2() called at /home/nmd2k/.config/nvim/init.lua:0
058.141  000.002  000.002: sourcing nvim_exec2() called at /home/nmd2k/.config/nvim/init.lua:0
058.147  000.002  000.002: sourcing nvim_exec2() called at /home/nmd2k/.config/nvim/init.lua:0
058.155  000.001  000.001: sourcing nvim_exec2() called at /home/nmd2k/.config/nvim/init.lua:0
058.159  000.002  000.002: sourcing nvim_exec2() called at /home/nmd2k/.config/nvim/init.lua:0
058.165  000.001  000.001: sourcing nvim_exec2() called at /home/nmd2k/.config/nvim/init.lua:0
058.170  000.002  000.002: sourcing nvim_exec2() called at /home/nmd2k/.config/nvim/init.lua:0
058.178  000.002  000.002: sourcing nvim_exec2() called at /home/nmd2k/.config/nvim/init.lua:0
058.182  000.002  000.002: sourcing nvim_exec2() called at /home/nmd2k/.config/nvim/init.lua:0
058.189  000.002  000.002: sourcing nvim_exec2() called at /home/nmd2k/.config/nvim/init.lua:0
058.193  000.001  000.001: sourcing nvim_exec2() called at /home/nmd2k/.config/nvim/init.lua:0
058.197  000.001  000.001: sourcing nvim_exec2() called at /home/nmd2k/.config/nvim/init.lua:0
058.203  000.001  000.001: sourcing nvim_exec2() called at /home/nmd2k/.config/nvim/init.lua:0
058.208  000.002  000.002: sourcing nvim_exec2() called at /home/nmd2k/.config/nvim/init.lua:0
058.312  000.006  000.006: sourcing nvim_exec2() called at /home/nmd2k/.config/nvim/init.lua:0
058.317  000.002  000.002: sourcing nvim_exec2() called at /home/nmd2k/.config/nvim/init.lua:0
058.332  000.013  000.013: sourcing nvim_exec2() called at /home/nmd2k/.config/nvim/init.lua:0
058.337  000.003  000.003: sourcing nvim_exec2() called at /home/nmd2k/.config/nvim/init.lua:0
058.826  000.005  000.005: sourcing nvim_exec2() called at /home/nmd2k/.config/nvim/init.lua:0
058.836  000.002  000.002: sourcing nvim_exec2() called at /home/nmd2k/.config/nvim/init.lua:0
058.850  000.002  000.002: sourcing nvim_exec2() called at /home/nmd2k/.config/nvim/init.lua:0
058.855  000.001  000.001: sourcing nvim_exec2() called at /home/nmd2k/.config/nvim/init.lua:0
058.862  000.001  000.001: sourcing nvim_exec2() called at /home/nmd2k/.config/nvim/init.lua:0
058.866  000.001  000.001: sourcing nvim_exec2() called at /home/nmd2k/.config/nvim/init.lua:0
058.874  000.002  000.002: sourcing nvim_exec2() called at /home/nmd2k/.config/nvim/init.lua:0
058.880  000.001  000.001: sourcing nvim_exec2() called at /home/nmd2k/.config/nvim/init.lua:0
058.916  000.003  000.003: sourcing nvim_exec2() called at /home/nmd2k/.config/nvim/init.lua:0
058.922  000.001  000.001: sourcing nvim_exec2() called at /home/nmd2k/.config/nvim/init.lua:0
058.926  000.001  000.001: sourcing nvim_exec2() called at /home/nmd2k/.config/nvim/init.lua:0
058.932  000.001  000.001: sourcing nvim_exec2() called at /home/nmd2k/.config/nvim/init.lua:0
058.937  000.001  000.001: sourcing nvim_exec2() called at /home/nmd2k/.config/nvim/init.lua:0
058.943  000.002  000.002: sourcing nvim_exec2() called at /home/nmd2k/.config/nvim/init.lua:0
058.950  000.002  000.002: sourcing nvim_exec2() called at /home/nmd2k/.config/nvim/init.lua:0
058.957  000.001  000.001: sourcing nvim_exec2() called at /home/nmd2k/.config/nvim/init.lua:0
058.962  000.002  000.002: sourcing nvim_exec2() called at /home/nmd2k/.config/nvim/init.lua:0
058.967  000.002  000.002: sourcing nvim_exec2() called at /home/nmd2k/.config/nvim/init.lua:0
058.973  000.001  000.001: sourcing nvim_exec2() called at /home/nmd2k/.config/nvim/init.lua:0
058.977  000.001  000.001: sourcing nvim_exec2() called at /home/nmd2k/.config/nvim/init.lua:0
059.002  000.002  000.002: sourcing nvim_exec2() called at /home/nmd2k/.config/nvim/init.lua:0
059.011  000.002  000.002: sourcing nvim_exec2() called at /home/nmd2k/.config/nvim/init.lua:0
059.016  000.001  000.001: sourcing nvim_exec2() called at /home/nmd2k/.config/nvim/init.lua:0
059.023  000.002  000.002: sourcing nvim_exec2() called at /home/nmd2k/.config/nvim/init.lua:0
059.027  000.001  000.001: sourcing nvim_exec2() called at /home/nmd2k/.config/nvim/init.lua:0
059.031  000.001  000.001: sourcing nvim_exec2() called at /home/nmd2k/.config/nvim/init.lua:0
059.037  000.001  000.001: sourcing nvim_exec2() called at /home/nmd2k/.config/nvim/init.lua:0
059.041  000.001  000.001: sourcing nvim_exec2() called at /home/nmd2k/.config/nvim/init.lua:0
059.198  000.045  000.045: require('lualine.utils.mode')
059.415  000.008  000.008: sourcing nvim_exec2() called at /home/nmd2k/.config/nvim/init.lua:0
059.443  000.005  000.005: sourcing nvim_exec2() called at /home/nmd2k/.config/nvim/init.lua:0
059.455  000.009  000.009: sourcing nvim_exec2() called at /home/nmd2k/.config/nvim/init.lua:0
059.463  000.006  000.006: sourcing nvim_exec2() called at /home/nmd2k/.config/nvim/init.lua:0
059.468  000.003  000.003: sourcing nvim_exec2() called at /home/nmd2k/.config/nvim/init.lua:0
059.474  005.307  003.658: require('plugins.ui')
059.475  055.971  000.106: sourcing /home/nmd2k/.config/nvim/init.lua
059.484  000.544: sourcing vimrc file(s)
060.016  000.017  000.017: sourcing /usr/share/nvim/site/ftdetect/ghostty.vim
060.068  000.264  000.247: sourcing nvim_exec2() called at /usr/share/nvim/runtime/filetype.lua:0
060.070  000.363  000.099: sourcing /usr/share/nvim/runtime/filetype.lua
060.334  000.056  000.056: sourcing /usr/share/nvim/runtime/syntax/synload.vim
060.390  000.244  000.188: sourcing /usr/share/nvim/runtime/syntax/syntax.vim
060.694  000.073  000.073: sourcing /home/nmd2k/.local/share/nvim/site/pack/core/opt/which-key.nvim/plugin/which-key.lua
060.850  000.076  000.076: sourcing /home/nmd2k/.local/share/nvim/site/pack/core/opt/rainbow-delimiters.nvim/plugin/rainbow-delimiters.lua
060.981  000.037  000.037: sourcing /home/nmd2k/.local/share/nvim/site/pack/core/opt/github-nvim-theme/plugin/github_theme.lua
061.104  000.020  000.020: sourcing /home/nmd2k/.local/share/nvim/site/pack/core/opt/nvim-web-devicons/plugin/nvim-web-devicons.vim
061.290  000.039  000.039: require('cmp.utils.highlight')
061.633  000.004  000.004: sourcing nvim_exec2() called at /home/nmd2k/.local/share/nvim/site/pack/core/opt/nvim-cmp/plugin/cmp.lua:0
061.635  000.430  000.388: sourcing /home/nmd2k/.local/share/nvim/site/pack/core/opt/nvim-cmp/plugin/cmp.lua
061.773  000.016  000.016: sourcing /home/nmd2k/.local/share/nvim/site/pack/core/opt/LuaSnip/plugin/luasnip.vim
063.486  001.643  001.643: require('vim.filetype')
063.606  001.806  000.163: sourcing /home/nmd2k/.local/share/nvim/site/pack/core/opt/LuaSnip/plugin/luasnip.lua
063.739  000.046  000.046: sourcing /home/nmd2k/.local/share/nvim/site/pack/core/opt/conform.nvim/plugin/conform.lua
063.850  000.019  000.019: sourcing /home/nmd2k/.local/share/nvim/site/pack/core/opt/plenary/plugin/plenary.vim
064.092  000.170  000.170: sourcing /home/nmd2k/.local/share/nvim/site/pack/core/opt/telescope/plugin/telescope.lua
064.240  000.056  000.056: sourcing /home/nmd2k/.local/share/nvim/site/pack/core/opt/mason-tool-installer.nvim/plugin/mason-tool-installer.lua
064.403  000.064  000.064: sourcing /home/nmd2k/.local/share/nvim/site/pack/core/opt/nvim-lspconfig/plugin/lspconfig.lua
064.772  000.295  000.295: sourcing /usr/share/nvim/site/plugin/fzf.vim
065.100  000.102  000.102: sourcing /usr/share/nvim/runtime/plugin/gzip.vim
065.902  000.103  000.103: sourcing /usr/share/nvim/runtime/pack/dist/opt/matchit/plugin/matchit.vim
065.943  000.826  000.723: sourcing /usr/share/nvim/runtime/plugin/matchit.vim
066.032  000.073  000.073: sourcing /usr/share/nvim/runtime/plugin/matchparen.vim
066.857  000.135  000.135: sourcing /usr/share/nvim/runtime/pack/dist/opt/netrw/plugin/netrwPlugin.vim
066.901  000.853  000.719: sourcing /usr/share/nvim/runtime/plugin/netrwPlugin.vim
067.009  000.088  000.088: sourcing /usr/share/nvim/runtime/plugin/rplugin.vim
067.089  000.057  000.057: sourcing /usr/share/nvim/runtime/plugin/tarPlugin.vim
067.131  000.013  000.013: sourcing /usr/share/nvim/runtime/plugin/tutor.vim
067.234  000.083  000.083: sourcing /usr/share/nvim/runtime/plugin/zipPlugin.vim
067.337  000.078  000.078: sourcing /usr/share/nvim/runtime/plugin/editorconfig.lua
067.407  000.049  000.049: sourcing /usr/share/nvim/runtime/plugin/man.lua
067.495  000.066  000.066: sourcing /usr/share/nvim/runtime/plugin/net.lua
067.569  000.054  000.054: sourcing /usr/share/nvim/runtime/plugin/osc52.lua
067.663  000.071  000.071: sourcing /usr/share/nvim/runtime/plugin/shada.lua
067.729  000.038  000.038: sourcing /usr/share/nvim/runtime/plugin/spellfile.lua
067.742  002.094: loading rtp plugins
067.862  000.119: loading packages
067.997  000.060  000.060: sourcing /home/nmd2k/.local/share/nvim/site/pack/core/opt/indent-blankline.nvim/after/plugin/commands.lua
068.234  000.115  000.115: require('cmp_cmdline')
068.264  000.180  000.065: sourcing /home/nmd2k/.local/share/nvim/site/pack/core/opt/cmp-cmdline/after/plugin/cmp_cmdline.lua
068.483  000.088  000.088: require('cmp_path')
068.504  000.146  000.058: sourcing /home/nmd2k/.local/share/nvim/site/pack/core/opt/cmp-path/after/plugin/cmp_path.lua
068.881  000.103  000.103: require('cmp_buffer.timer')
068.885  000.170  000.067: require('cmp_buffer.buffer')
068.887  000.227  000.057: require('cmp_buffer.source')
068.888  000.268  000.041: require('cmp_buffer')
068.905  000.317  000.050: sourcing /home/nmd2k/.local/share/nvim/site/pack/core/opt/cmp-buffer/after/plugin/cmp_buffer.lua
069.025  000.039  000.039: sourcing /home/nmd2k/.local/share/nvim/site/pack/core/opt/cmp-nvim-lsp/after/plugin/cmp_nvim_lsp.lua
069.222  000.077  000.077: require('cmp_luasnip')
069.253  000.143  000.066: sourcing /home/nmd2k/.local/share/nvim/site/pack/core/opt/cmp_luasnip/after/plugin/cmp_luasnip.lua
069.266  000.520: loading after plugins
069.272  000.006: inits 3
071.127  001.855: reading ShaDa
071.369  000.128  000.128: require('luasnip.loaders.from_lua')
071.485  000.110  000.110: require('luasnip.loaders.from_snipmate')
071.544  000.179: opening buffers
071.693  000.149: BufEnter autocommands
071.695  000.003: editing files in windows
071.699  000.004: --- NVIM STARTED ---

